Date,Open,High,Low,Settle,Change,Wave,Volume,Prev. Day Open Interest,EFP Volume,EFS Volume,Block Volume
2018-06-08,,,,536.75,-7.5,,,,,,
2018-06-07,,,,544.25,6.75,,,,,,
2018-06-06,,,,537.5,10.0,,,,,,
2018-06-05,,,,527.5,4.75,,,,,,
2018-06-04,,,,522.75,-18.0,,,,,,
2018-06-01,,,,540.75,-2.25,,,,,,
2018-05-31,,,,543.0,4.0,,,,,,
2018-05-30,,,,539.0,-14.5,,,,,,
2018-05-29,,,,553.5,,,,,,,
2018-05-25,,,,559.75,12.75,,,,,,
2018-05-24,,,,547.0,-0.75,,,,,,
2018-05-23,,,,547.75,9.25,,,,,,
2018-05-22,,,,538.5,14.0,,,,,,
2018-05-21,,,,524.5,-9.5,,,,,,
2018-05-18,,,,534.0,20.5,,,,,,
2018-05-17,,,,513.5,3.25,,,,,,
2018-05-16,,,,510.25,0.5,,,,,,
2018-05-15,,,,509.75,1.75,,,,,,
2018-05-14,,,,508.0,-7.75,,,,,,
2018-05-11,,,,515.75,-7.25,,,,,,
2018-05-10,,,,523.0,-4.25,,,,,,
2018-05-09,,,,527.25,-4.25,,,,,,
2018-05-08,,,,531.5,2.75,,,,,,
2018-05-07,,,,528.75,-13.0,,,,,,
2018-05-04,,,,541.75,-11.0,,,,,,
2018-05-03,,,,552.75,10.5,,,,,,
2018-05-02,,,,542.25,-1.75,,,,,,
2018-05-01,,,,544.0,17.75,,,,,,
2018-04-30,,,,526.25,10.75,,,,,,
2018-04-27,,,,515.5,8.75,,,,,,
2018-04-26,,,,489.5,-9.5,,,,,,
2018-04-25,,,,499.0,14.75,,,,,,
2018-04-24,,,,484.25,9.75,,,,,,
2018-04-23,,,,474.5,-2.75,,,,,,
2018-04-20,,,,477.25,-13.5,,,0.0,,,
2018-04-19,,,,490.75,1.5,,,0.0,,,
2018-04-18,,,,489.25,7.75,,10.0,,,,
2018-04-17,,,,481.5,2.5,,,,,,
2018-04-16,,,,479.0,-10.25,,,,,,
2018-04-13,,,,489.25,-9.0,,,,,,
2018-04-12,,,,498.25,-6.0,,,,,,
2018-04-11,,,,504.25,-4.25,,,,,,
2018-04-10,,,,508.5,2.5,,,,,,
2018-04-09,,,,506.0,17.5,,,0.0,,,
2018-04-06,,,,488.5,7.25,,,0.0,,,
2018-04-05,,,,481.25,8.25,,2.0,2.0,,,
2018-04-04,,,,473.0,-1.0,,,2.0,,,
2018-04-03,,,,474.0,10.5,,,2.0,,,
2018-04-02,,,,463.5,,,,2.0,,,
2018-03-29,,,,468.5,5.75,,,2.0,,,
2018-03-28,,,,462.75,-3.75,,,2.0,,,
2018-03-27,,,,466.5,-5.0,,,2.0,,,
2018-03-26,,,,471.5,-5.0,,,2.0,,,
2018-03-23,,,,476.5,4.5,,,2.0,,,
2018-03-22,,,,472.0,2.75,,,2.0,,,
2018-03-21,,,,469.25,0.5,,,2.0,,,
2018-03-20,,,,468.75,1.0,,,2.0,,,
2018-03-19,,,,467.75,-17.25,,,2.0,,,
2018-03-16,,,,485.0,-11.0,,,2.0,,,
2018-03-15,,,,496.0,-10.25,,2.0,,,,
2018-03-14,,,,506.25,1.75,,,,,,
2018-03-13,,,,504.5,-3.0,,,,,,
2018-03-12,,,,507.5,2.0,,,,,,
2018-03-09,,,,505.5,-9.75,,,,,,
2018-03-08,,,,515.25,2.25,,,,,,
2018-03-07,,,,513.0,-8.25,,,,,,
2018-03-06,,,,521.25,-2.0,,,,,,
2018-03-05,,,,523.25,8.75,,,,,,
2018-03-02,,,,514.5,-14.0,,,,,,
2018-03-01,,,,528.5,21.25,,,,,,
2018-02-28,,,,507.25,16.0,,,,,,
2018-02-27,,,,491.25,3.75,,,,,,
2018-02-26,,,,472.75,8.5,,,,,,
2018-02-23,,,,464.25,0.0,,,,,,
2018-02-22,,,,464.25,4.75,,,,,,
2018-02-21,,,,459.5,-3.0,,,,,,
2018-02-20,,,,462.5,,,,,,,
2018-02-16,,,,471.5,-3.75,,,,,,
2018-02-15,,,,475.25,6.0,,,,,,
2018-02-14,,,,469.25,-4.5,,,,,,
2018-02-13,,,,473.75,-2.25,,,,,,
2018-02-12,,,,476.0,15.0,,,,,,
2018-02-09,,,,461.0,-8.25,,,,,,
2018-02-08,,,,469.25,-3.75,,,,,,
2018-02-07,,,,473.0,14.0,,,,,,
2018-02-06,,,,459.0,6.5,,,,,,
2018-02-05,,,,452.5,-7.25,,,,,,
2018-02-02,,,,459.75,-4.5,,,,,,
2018-02-01,,,,464.25,-1.25,,,,,,
2018-01-31,,,,465.5,-5.25,,,,,,
2018-01-30,,,,470.75,8.75,,,,,,
2018-01-29,,,,462.0,8.25,,,,,,
2018-01-26,,,,453.75,6.5,,,,,,
2018-01-25,,,,447.25,1.75,,,,,,
2018-01-24,,,,445.5,11.25,,,,,,
2018-01-23,,,,434.25,-4.25,,,,,,
2018-01-22,,,,438.5,3.0,,,,,,
2018-01-19,,,,435.5,-2.75,,,,,,
2018-01-18,,,,438.25,3.75,,,,,,
2018-01-17,,,,434.5,4.5,,,,,,
2018-01-16,,,,430.0,,,,,,,
2018-01-12,,,,434.25,-12.5,,,,,,
2018-01-11,,,,446.75,-1.0,,,,,,
2018-01-10,,,,447.75,2.5,,,,,,
2018-01-09,,,,445.25,4.75,,,,,,
2018-01-08,,,,440.5,-2.25,,,,,,
2018-01-05,,,,442.75,-3.75,,,,,,
2018-01-04,,,,446.5,-1.75,,,,,,
2018-01-03,,,,448.25,2.0,,,,,,
2018-01-02,,,,446.25,,,,,,,
2017-12-29,,,,440.25,-0.5,,,,,,
2017-12-28,,,,440.75,-0.5,,,,,,
2017-12-27,,,,441.25,5.75,,,,,,
2017-12-26,,,,435.5,,,,,,,
2017-12-22,,,,437.5,-1.5,,,,,,
2017-12-21,,,,439.0,2.75,,,,,,
2017-12-20,,,,436.25,3.5,,,,,,
2017-12-19,,,,432.75,-0.75,,,,,,
2017-12-18,,,,433.5,2.75,,,,,,
2017-12-15,,,,430.75,0.0,,,,,,
2017-12-14,,,,430.75,1.5,,,,,,
2017-12-13,,,,429.25,5.25,,,,,,
2017-12-12,,,,424.0,-3.25,,,,,,
2017-12-11,,,,427.25,-5.0,,,,,,
2017-12-08,,,,432.25,-2.75,,,,,,
2017-12-07,,,,435.0,-3.0,,,,,,
2017-12-06,,,,438.0,-7.0,,,,,,
2017-12-05,,,,445.0,-2.5,,,,,,
2017-12-04,,,,447.5,-3.5,,,,,,
2017-12-01,,,,451.0,6.0,,,,,,
2017-11-30,,,,445.0,-1.0,,,,,,
2017-11-29,,,,446.0,5.25,,,,,,
2017-11-28,429.25,429.25,429.25,429.25,1.0,429.25,1.0,,,,
2017-11-27,,,,428.25,-6.5,,,,,,
2017-11-24,,,,434.75,,,,,,,
2017-11-22,,,,440.75,-0.5,,,,,,
2017-11-21,,,,441.25,2.75,,,,,,
2017-11-20,,,,438.5,-5.0,,,,,,
2017-11-17,,,,443.5,5.5,,,,,,
2017-11-16,,,,438.0,0.25,,,,,,
2017-11-15,,,,437.75,-7.5,,,,,,
2017-11-14,,,,445.25,2.0,,,,,,
2017-11-13,,,,443.25,-5.75,,,,,,
2017-11-10,,,,449.0,4.0,,,,,,
2017-11-09,,,,445.0,1.25,,,,,,
2017-11-08,,,,443.75,-1.0,,,,,,
2017-11-07,,,,444.75,-3.5,,,,,,
2017-11-06,,,,448.25,3.75,,,0.0,,,
2017-11-03,,,,444.5,0.0,,,0.0,,,
2017-11-02,437.25,437.25,437.25,444.5,8.5,437.25,1.0,1.0,,,
2017-11-01,,,,436.0,0.0,,,1.0,,,
2017-10-31,436.25,436.25,436.25,436.0,-7.0,436.25,1.0,,,,
2017-10-30,,,,443.0,-2.25,,,,,,
2017-10-27,,,,445.25,-5.0,,,,,,
2017-10-26,,,,450.25,-3.5,,,,,,
2017-10-25,,,,453.75,-2.25,,,,,,
2017-10-24,,,,456.0,1.0,,,,,,
2017-10-23,,,,455.0,10.5,,,,,,
2017-10-20,,,,444.5,-6.75,,,,,,
2017-10-19,,,,451.25,2.0,,,,,,
2017-10-18,,,,449.25,-4.5,,,,,,
2017-10-17,,,,453.75,-1.25,,,,,,
2017-10-16,,,,455.0,-3.0,,,,,,
2017-10-13,,,,458.0,8.5,,,,,,
2017-10-12,,,,449.5,-2.75,,,,,,
2017-10-11,,,,452.25,-3.0,,,,,,
2017-10-10,,,,455.25,-0.75,,,,,,
2017-10-09,,,,456.0,-6.75,,,,,,
2017-10-06,,,,462.75,3.25,,,,,,
2017-10-05,,,,459.5,-1.0,,,,,,
2017-10-04,,,,460.5,-5.0,,,,,,
2017-10-03,,,,465.5,2.25,,,,,,
2017-10-02,,,,463.25,-3.25,,,,,,
2017-09-29,,,,466.5,-7.75,,,,,,
2017-09-28,,,,474.25,-6.5,,,,,,
2017-09-27,,,,480.75,7.25,,,,,,
2017-09-26,,,,473.5,-0.25,,,,,,
2017-09-25,,,,473.75,4.25,,,,,,
2017-09-22,,,,469.5,-2.5,,,,,,
2017-09-21,,,,472.0,2.25,,,,,,
2017-09-20,,,,469.75,5.75,,,,,,
2017-09-19,,,,464.0,0.25,,,,,,
2017-09-18,,,,463.75,-4.25,,,,,,
2017-09-15,,,,468.0,5.5,,,,,,
2017-09-14,,,,462.5,-0.25,,,,,,
2017-09-13,,,,462.75,0.75,,,,,,
2017-09-12,,,,462.0,6.75,,,,,,
2017-09-11,,,,455.25,-4.0,,,,,,
2017-09-08,,,,459.25,0.5,,,,,,
2017-09-07,,,,458.75,-8.25,,,,,,
2017-09-06,,,,467.0,3.75,,,,,,
2017-09-05,,,,463.25,3.25,,,,,,
2017-09-04,,,,460.0,0.0,,,,,,
2017-09-01,,,,460.0,3.0,,,,,,
2017-08-31,,,,457.0,4.25,,,,,,
2017-08-30,,,,452.75,-0.75,,,,,,
2017-08-29,,,,429.75,1.75,,,,,,
2017-08-28,,,,428.0,-7.25,,,,,,
2017-08-25,,,,435.25,0.75,,,,,,
2017-08-24,,,,434.5,4.5,,,,,,
2017-08-23,,,,430.0,1.0,,,,,,
2017-08-22,,,,429.0,-8.0,,,,,,
2017-08-21,,,,437.0,-5.5,,,,,,
2017-08-18,,,,442.5,1.75,,,,,,
2017-08-17,,,,440.75,-6.25,,,,,,
2017-08-16,,,,447.0,-9.0,,,,,,
2017-08-15,,,,456.0,-11.75,,,,,,
2017-08-14,,,,467.75,0.75,,,,,,
2017-08-11,,,,467.0,-1.75,,,,,,
2017-08-10,,,,468.75,-18.0,,,,,,
2017-08-09,,,,486.75,2.75,,,,,,
2017-08-08,,,,484.0,-6.75,,,,,,
2017-08-07,,,,490.75,8.25,,,,,,
2017-08-04,,,,482.5,-2.5,,,,,,
2017-08-03,,,,485.0,-2.75,,,,,,
2017-08-02,,,,487.75,0.0,,,,,,
2017-08-01,,,,487.75,-12.0,,,,,,
2017-07-31,,,,499.75,-6.25,,,,,,
2017-07-28,,,,506.0,1.25,,,,,,
2017-07-27,,,,504.75,2.0,,,,,,
2017-07-26,,,,502.75,3.75,,,,,,
2017-07-25,,,,499.0,-14.5,,,,,,
2017-07-24,,,,513.5,-9.0,,,,,,
2017-07-21,,,,522.5,-6.75,,,,,,
2017-07-20,,,,529.25,2.5,,,,,,
2017-07-19,,,,526.75,0.0,,,,,,
2017-07-18,,,,526.75,-3.5,,,,,,
2017-07-17,,,,530.25,-4.5,,,,,,
2017-07-14,,,,534.75,-0.25,,,,,,
2017-07-13,,,,535.0,-25.5,,,,,,
2017-07-12,,,,560.5,-16.0,,,,,,
2017-07-11,,,,576.5,2.5,,,,,,
2017-07-10,,,,574.0,16.25,,,,,,
2017-07-07,,,,557.75,-3.5,,,,,,
2017-07-06,,,,561.25,-18.75,,,,,,
2017-07-05,,,,580.0,,,,,,,
2017-07-03,,,,574.0,29.0,,,,,,
2017-06-30,,,,545.0,29.5,,,,,,
2017-06-29,,,,515.5,20.25,,,,,,
2017-06-28,,,,473.0,4.0,,,,,,
2017-06-27,,,,469.0,3.5,,,,,,
2017-06-26,,,,465.5,-8.0,,,,,,
2017-06-23,,,,473.5,-1.75,,,,,,
2017-06-22,,,,475.25,-4.25,,,,,,
2017-06-21,,,,479.5,-8.25,,,,,,
2017-06-20,,,,487.75,4.75,,,,,,
2017-06-19,,,,483.0,1.5,,,,,,
2017-06-16,,,,481.5,12.5,,,,,,
2017-06-15,,,,469.0,11.75,,,,,,
2017-06-14,,,,457.25,-2.0,,,,,,
2017-06-13,,,,459.25,10.75,,,,,,
2017-06-12,,,,448.5,-11.5,,,,,,
2017-06-09,,,,460.0,-3.25,,,,,,
2017-06-08,,,,463.25,4.0,,,,,,
2017-06-07,,,,459.25,9.0,,,,,,
2017-06-06,,,,450.25,6.5,,,,,,
2017-06-05,,,,443.75,0.0,,,0.0,,,
2017-06-02,447.5,447.5,444.75,443.75,0.25,446.063,4.0,,,,
2017-06-01,,,,443.5,-0.25,,,,,,
2017-05-31,,,,443.75,-0.25,,,,,,
2017-05-30,,,,444.0,,,,,,,
2017-05-26,,,,451.25,7.0,,,,,,
2017-05-25,,,,444.25,-1.75,,,,,,
2017-05-24,,,,446.0,2.0,,,,,,
2017-05-23,,,,444.0,-4.0,,,,,,
2017-05-22,,,,448.0,-0.5,,,,,,
2017-05-19,,,,448.5,8.75,,,,,,
2017-05-18,,,,439.75,-0.5,,,,,,
2017-05-17,,,,440.25,2.0,,,,,,
2017-05-16,,,,438.25,0.25,,,,,,
2017-05-15,,,,438.0,-8.75,,,,,,
2017-05-12,,,,446.75,-1.25,,,,,,
2017-05-11,,,,448.0,1.25,,,,,,
2017-05-10,,,,446.75,2.25,,,,,,
2017-05-09,,,,444.5,-4.25,,,,,,
2017-05-08,,,,448.75,-7.5,,,,,,
2017-05-05,,,,456.25,4.0,,,,,,
2017-05-04,,,,452.25,-15.0,,,,,,
2017-05-03,,,,467.25,-0.75,,,,,,
2017-05-02,,,,468.0,-0.75,,,,,,
2017-05-01,,,,468.75,23.0,,,,,,
2017-04-28,,,,445.75,1.25,,,,,,
2017-04-27,,,,444.5,5.25,,,,,,
2017-04-26,,,,426.5,-0.5,,,,,,
2017-04-25,,,,427.0,7.75,,,,,,
2017-04-24,,,,419.25,-1.75,,,,,,
2017-04-21,,,,421.0,-0.75,,,,,,
2017-04-20,,,,421.75,-12.75,,,0.0,,,
2017-04-19,440.25,440.25,432.25,434.5,-2.5,436.25,2.0,,,,
2017-04-18,,,,437.0,1.25,,,,,,
2017-04-17,,,,435.75,,,,,,,
2017-04-13,,,,442.75,-3.5,,,,,,
2017-04-12,,,,446.25,-1.25,,,,,,
2017-04-11,,,,447.5,5.75,,,,,,
2017-04-10,,,,441.75,5.5,,,,,,
2017-04-07,,,,436.25,0.25,,,,,,
2017-04-06,,,,436.0,-6.5,,,,,,
2017-04-05,,,,442.5,2.5,,,,,,
2017-04-04,,,,440.0,-0.25,,,,,,
2017-04-03,,,,440.25,1.25,,,,,,
2017-03-31,,,,439.0,5.0,,,,,,
2017-03-30,,,,434.0,-4.5,,,,,,
2017-03-29,,,,438.5,1.0,,,,,,
2017-03-28,,,,437.5,2.75,,,,,,
2017-03-27,,,,434.75,-4.75,,,,,,
2017-03-24,,,,439.5,3.5,,,,,,
2017-03-23,,,,436.0,-1.5,,,,,,
2017-03-22,,,,437.5,-4.75,,,,,,
2017-03-21,,,,442.25,-3.25,,,,,,
2017-03-20,,,,445.5,-6.0,,,,,,
2017-03-17,,,,451.5,0.5,,,,,,
2017-03-16,,,,451.0,0.25,,,,,,
2017-03-15,,,,450.75,5.0,,,,,,
2017-03-14,,,,445.75,-0.75,,,,,,
2017-03-13,,,,446.5,-9.75,,,,,,
2017-03-10,,,,456.25,-3.5,,,,,,
2017-03-09,,,,459.75,-3.0,,,,,,
2017-03-08,,,,462.75,-8.75,,,,,,
2017-03-07,471.5,471.5,471.5,471.5,-1.5,,,,,,
2017-03-06,473.0,473.0,473.0,473.0,4.75,,,,,,
2017-03-03,468.25,468.25,468.25,468.25,1.25,,,,,,
2017-03-02,467.0,467.0,467.0,467.0,-3.75,,,,,,
2017-03-01,470.75,470.75,470.75,470.75,12.25,,,,,,
2017-02-28,458.5,458.5,458.5,458.5,5.25,,,,,,
2017-02-27,453.25,453.25,453.25,453.25,-8.75,,,,,,
2017-02-24,448.0,448.0,448.0,448.0,-5.5,,,,,,
2017-02-23,453.5,453.5,453.5,453.5,-2.5,,,,,,
2017-02-22,456.0,456.0,456.0,456.0,6.25,,,,,,
2017-02-21,449.75,449.75,449.75,449.75,,,,,,,
2017-02-17,455.5,455.5,455.5,455.5,-5.75,,,,,,
2017-02-16,461.25,461.25,461.25,461.25,-7.0,,,,,,
2017-02-15,468.25,468.25,468.25,468.25,4.75,,,,,,
2017-02-14,463.5,463.5,463.5,463.5,-3.5,,,,,,
2017-02-13,467.0,467.0,467.0,467.0,4.0,,,,,,
2017-02-10,463.0,463.0,463.0,463.0,7.75,,,,,,
2017-02-09,455.25,455.25,455.25,455.25,11.75,,,,,,
2017-02-08,443.5,443.5,443.5,443.5,1.0,,,,,,
2017-02-07,442.5,442.5,442.5,442.5,7.0,,,,,,
2017-02-06,435.5,435.5,435.5,435.5,-7.5,,,,,,
2017-02-03,443.0,443.0,443.0,443.0,-4.0,,,,,,
2017-02-02,447.0,447.0,447.0,447.0,1.0,,,,,,
2017-02-01,446.0,446.0,446.0,446.0,12.5,,,,,,
2017-01-31,433.5,433.5,433.5,433.5,5.25,,,,,,
2017-01-30,428.25,428.25,428.25,428.25,-6.25,,,,,,
2017-01-27,434.5,434.5,434.5,434.5,-6.0,,,,,,
2017-01-26,440.5,440.5,440.5,440.5,2.0,,,,,,
2017-01-25,438.5,438.5,438.5,438.5,-2.5,,,,,,
2017-01-24,441.0,441.0,441.0,441.0,-6.0,,,,,,
2017-01-23,447.0,447.0,447.0,447.0,3.75,,,,,,
2017-01-20,443.25,443.25,443.25,443.25,4.0,,,,,,
2017-01-19,439.25,439.25,439.25,439.25,-6.75,,,,,,
2017-01-18,446.0,446.0,446.0,446.0,-2.25,,,,,,
2017-01-17,448.25,448.25,448.25,448.25,,,,,,,
2017-01-13,439.75,439.75,439.75,439.75,0.5,,,,,,
2017-01-12,439.25,439.25,439.25,439.25,7.0,,,,,,
2017-01-11,432.25,432.25,432.25,432.25,-7.5,,,,,,
2017-01-10,439.75,439.75,439.75,439.75,-0.25,,,,,,
2017-01-09,440.0,440.0,440.0,440.0,5.25,,,,,,
2017-01-06,434.75,434.75,434.75,434.75,-1.75,,,,,,
2017-01-05,436.5,436.5,436.5,436.5,7.25,,,,,,
2017-01-04,429.25,429.25,429.25,429.25,11.25,,,,,,
2017-01-03,418.0,418.0,418.0,418.0,,,,,,,
2016-12-30,420.5,420.5,420.5,420.5,2.75,,,,,,
2016-12-29,417.75,417.75,417.75,417.75,3.25,,,,,,
2016-12-28,414.5,414.5,414.5,414.5,-7.0,,,,,,
2016-12-27,421.5,421.5,421.5,421.5,,,,,,,
2016-12-23,406.75,406.75,406.75,406.75,-3.25,,,,,,
2016-12-22,410.0,410.0,410.0,410.0,-2.25,,,,,,
2016-12-21,412.25,412.25,412.25,412.25,-3.75,,,,,,
2016-12-20,416.0,416.0,416.0,416.0,-1.5,,,,,,
2016-12-19,417.5,417.5,417.5,417.5,-4.25,,,,,,
2016-12-16,421.75,421.75,421.75,421.75,0.5,,,,,,
2016-12-15,421.25,421.25,421.25,421.25,-7.75,,,,,,
2016-12-14,429.0,429.0,429.0,429.0,0.75,,,,,,
2016-12-13,428.25,428.25,428.25,428.25,0.5,,,,,,
2016-12-12,427.75,427.75,427.75,427.75,1.25,,,,,,
2016-12-09,426.5,426.5,426.5,426.5,7.75,,,,,,
2016-12-08,418.75,418.75,418.75,418.75,6.25,,,,,,
2016-12-07,412.5,412.5,412.5,412.5,-6.75,,,,,,
2016-12-06,419.25,419.25,419.25,419.25,-1.0,,,,,,
2016-12-05,420.25,420.25,420.25,420.25,3.25,,,,,,
2016-12-02,417.0,417.0,417.0,417.0,8.25,,,,,,
2016-12-01,408.75,408.75,408.75,408.75,-6.75,,,,,,
2016-11-30,415.5,415.5,415.5,415.5,-6.75,,,,,,
2016-11-29,422.25,422.25,422.25,422.25,-8.0,,,,,,
2016-11-28,416.5,416.5,416.5,416.5,-3.0,,,,,,
2016-11-25,419.5,419.5,419.5,419.5,,,,,,,
2016-11-23,423.75,423.75,423.75,423.75,-3.5,,,,,,
2016-11-22,427.25,427.25,427.25,427.25,0.25,,,,,,
2016-11-21,427.0,427.0,427.0,427.0,1.75,,,,,,
2016-11-18,425.25,425.25,425.25,425.25,5.25,,,,,,
2016-11-17,420.0,420.0,420.0,420.0,5.75,,,,,,
2016-11-16,414.25,414.25,414.25,414.25,-4.5,,,,,,
2016-11-15,418.75,418.75,418.75,418.75,6.25,,,,,,
2016-11-14,412.5,412.5,412.5,412.5,-9.0,,,,,,
2016-11-11,421.5,421.5,421.5,421.5,-1.25,,,,,,
2016-11-10,422.75,422.75,422.75,422.75,-1.75,,,,,,
2016-11-09,424.5,424.5,424.5,424.5,-7.5,,,,,,
2016-11-08,432.0,432.0,432.0,432.0,4.25,,,,,,
2016-11-07,427.75,427.75,427.75,427.75,-4.25,,,,,,
2016-11-04,432.0,432.0,432.0,432.0,2.25,,,,,,
2016-11-03,429.75,429.75,429.75,429.75,-4.75,,,,,,
2016-11-02,434.5,434.5,434.5,434.5,3.0,,,,,,
2016-11-01,431.5,431.5,431.5,431.5,-2.25,,,,,,
2016-10-31,433.75,433.75,433.75,433.75,5.5,,,,,,
2016-10-28,428.25,428.25,428.25,428.25,-5.25,,,,,,
2016-10-27,433.5,433.5,433.5,433.5,1.5,,,,,,
2016-10-26,432.0,432.0,432.0,432.0,5.25,,,,,,
2016-10-25,426.75,426.75,426.75,426.75,2.25,,,,,,
2016-10-24,424.5,424.5,424.5,424.5,-10.5,,,,,,
2016-10-21,435.0,435.0,435.0,435.0,-2.5,,,,,,
2016-10-20,437.5,437.5,437.5,437.5,-3.25,,,,,,
2016-10-19,440.75,440.75,440.75,440.75,0.75,,,,,,
2016-10-18,440.0,440.0,440.0,440.0,-2.0,,,,,,
2016-10-17,442.0,442.0,442.0,442.0,2.75,,,,,,
2016-10-14,439.25,439.25,439.25,439.25,4.5,,,,,,
2016-10-13,434.75,434.75,434.75,434.75,18.25,,,,,,
2016-10-12,416.5,416.5,416.5,416.5,-8.5,,,,,,
2016-10-11,425.0,425.0,425.0,425.0,1.25,,,,,,
2016-10-10,423.75,423.75,423.75,423.75,9.0,,,,,,
2016-10-07,414.75,414.75,414.75,414.75,-2.25,,,,,,
2016-10-06,417.0,417.0,417.0,417.0,-8.75,,,,,,
2016-10-05,425.75,425.75,425.75,425.75,8.75,,,,,,
2016-10-04,417.0,417.0,417.0,417.0,-0.25,,,,,,
2016-10-03,417.25,417.25,417.25,417.25,-7.5,,,,,,
2016-09-30,424.75,424.75,424.75,424.75,3.0,,,,,,
2016-09-29,421.75,421.75,421.75,421.75,-4.25,,,,,,
2016-09-28,426.0,426.0,426.0,426.0,0.0,,,,,,
2016-09-27,426.0,426.0,426.0,426.0,6.25,,,,,,
2016-09-26,419.75,419.75,419.75,419.75,-8.25,,,,,,
2016-09-23,428.0,428.0,428.0,428.0,-0.25,,,,,,
2016-09-22,428.25,428.25,428.25,428.25,-1.0,,,,,,
2016-09-21,429.25,429.25,429.25,429.25,2.5,,,,,,
2016-09-20,426.75,426.75,426.75,426.75,2.0,,,,,,
2016-09-19,424.75,424.75,424.75,424.75,-0.25,,,,,,
2016-09-16,425.0,425.0,425.0,425.0,2.75,,,,,,
2016-09-15,422.25,422.25,422.25,422.25,-2.25,,,,,,
2016-09-14,424.5,424.5,424.5,424.5,2.75,,,,,,
2016-09-13,421.75,421.75,421.75,421.75,-8.25,,,,,,
2016-09-12,430.0,430.0,430.0,430.0,5.25,,,,,,
2016-09-09,424.75,424.75,424.75,424.75,-2.5,,,,,,
2016-09-08,427.25,427.25,427.25,427.25,5.0,,,,,,
2016-09-07,422.25,422.25,422.25,422.25,3.0,,,,,,
2016-09-06,419.25,419.25,419.25,419.25,,,,,,,
2016-09-02,421.25,421.25,421.25,421.25,4.5,,,,,,
2016-09-01,416.75,416.75,416.75,416.75,6.5,,,,,,
2016-08-31,410.25,410.25,410.25,410.25,-4.75,,,,,,
2016-08-30,415.0,415.0,415.0,415.0,-6.0,,,,,,
2016-08-29,397.0,397.0,397.0,397.0,-10.5,,,1.0,,,
2016-08-26,407.5,407.5,407.5,407.5,-16.25,,,1.0,,,
2016-08-25,423.75,423.75,423.75,423.75,-2.5,,,1.0,,,
2016-08-24,426.25,426.25,426.25,426.25,-1.25,,,1.0,,,
2016-08-23,427.5,427.5,427.5,427.5,-7.75,,,1.0,,,
2016-08-22,435.25,435.25,435.25,435.25,-9.5,,,1.0,,,
2016-08-19,444.75,444.75,444.75,444.75,0.5,,,1.0,,,
2016-08-18,444.25,444.25,444.25,444.25,1.25,,,1.0,,,
2016-08-17,443.0,443.0,443.0,443.0,3.5,,,1.0,,,
2016-08-16,439.5,439.5,439.5,439.5,1.25,,,1.0,,,
2016-08-15,438.25,438.25,438.25,438.25,-1.75,,,1.0,,,
2016-08-12,440.0,440.0,440.0,440.0,3.0,,,1.0,,,
2016-08-11,437.0,437.0,437.0,437.0,-4.5,,,1.0,,,
2016-08-10,441.5,441.5,441.5,441.5,4.75,,,1.0,,,
2016-08-09,436.75,436.75,436.75,436.75,-2.0,,,1.0,,,
2016-08-08,438.75,438.75,438.75,438.75,0.75,,,1.0,,,
2016-08-05,438.0,438.0,438.0,438.0,7.5,,,1.0,,,
2016-08-04,430.5,430.5,430.5,430.5,-5.75,,,1.0,,,
2016-08-03,436.25,436.25,436.25,436.25,8.25,,,1.0,,,
2016-08-02,428.0,428.0,428.0,428.0,-5.0,,,1.0,,,
2016-08-01,433.0,433.0,433.0,433.0,-2.75,,,1.0,,,
2016-07-29,435.75,435.75,435.75,435.75,-1.5,,,1.0,,,
2016-07-28,437.25,437.25,437.25,437.25,-4.25,,,1.0,,,
2016-07-27,441.5,441.5,441.5,441.5,-0.5,,,1.0,,,
2016-07-26,442.0,442.0,442.0,442.0,-14.25,,,1.0,,,
2016-07-25,456.25,456.25,456.25,456.25,6.0,,,1.0,,,
2016-07-22,450.25,450.25,450.25,450.25,9.0,,,1.0,,,
2016-07-21,441.25,441.25,441.25,441.25,5.25,,,1.0,,,
2016-07-20,436.0,436.0,436.0,436.0,-6.5,,,1.0,,,
2016-07-19,442.5,442.5,442.5,442.5,-12.0,,,1.0,,,
2016-07-18,454.5,454.5,454.5,454.5,4.75,,,1.0,,,
2016-07-15,449.75,449.75,449.75,449.75,-8.75,,,1.0,,,
2016-07-14,458.5,458.5,458.5,458.5,-4.5,,,1.0,,,
2016-07-13,463.0,463.0,463.0,463.0,2.0,,,1.0,,,
2016-07-12,461.0,461.0,461.0,461.0,8.0,,,1.0,,,
2016-07-11,453.0,453.0,453.0,453.0,-3.5,,,1.0,,,
2016-07-08,456.5,456.5,456.5,456.5,10.25,,,1.0,,,
2016-07-07,446.25,446.25,446.25,446.25,-1.75,,,1.0,,,
2016-07-06,448.0,448.0,448.0,448.0,-5.5,,,1.0,,,
2016-07-05,453.5,453.5,453.5,453.5,,,,1.0,,,
2016-07-01,450.75,450.75,450.75,450.75,-14.75,,,1.0,,,
2016-06-30,465.5,465.5,465.5,465.5,0.25,,,1.0,,,
2016-06-29,465.25,465.25,465.25,465.25,-11.75,,,1.0,,,
2016-06-28,457.25,457.25,457.25,457.25,-1.0,,,1.0,,,
2016-06-27,458.25,458.25,458.25,458.25,-6.75,,,1.0,,,
2016-06-24,465.0,465.0,465.0,465.0,-0.75,,,1.0,,,
2016-06-23,465.75,465.75,465.75,465.75,-6.5,,,1.0,,,
2016-06-22,472.25,472.25,472.25,472.25,-0.25,,,1.0,,,
2016-06-21,472.5,472.5,472.5,472.5,-15.0,,,1.0,,,
2016-06-20,487.5,487.5,487.5,487.5,-7.25,,,1.0,,,
2016-06-17,494.75,494.75,494.75,494.75,10.0,,,1.0,,,
2016-06-16,484.75,484.75,484.75,484.75,-4.75,,,1.0,,,
2016-06-15,489.5,489.5,489.5,489.5,-8.25,,,1.0,,,
2016-06-14,497.75,497.75,497.75,497.75,-5.5,,,1.0,,,
2016-06-13,503.25,503.25,503.25,503.25,-3.25,,,1.0,,,
2016-06-10,506.5,506.5,506.5,506.5,-15.0,,,1.0,,,
2016-06-09,519.5,519.5,519.5,521.5,-9.0,519.5,1.0,,,,
2016-06-08,530.5,530.5,530.5,530.5,11.25,,,,,,
2016-06-07,519.25,519.25,519.25,519.25,1.5,,,0.0,,,
2016-06-06,519.5,519.5,519.5,517.75,11.0,519.5,1.0,1.0,,,
2016-06-03,506.75,506.75,506.75,506.75,10.5,,,1.0,,,
2016-06-02,486.25,486.25,486.25,496.25,11.25,486.25,1.0,,,,
2016-06-01,485.0,485.0,485.0,485.0,9.5,,,,,,
2016-05-31,475.5,475.5,475.5,475.5,,,,,,,
2016-05-27,491.75,491.75,491.75,491.75,0.0,,,,,,
2016-05-26,491.75,491.75,491.75,491.75,14.5,,,,,,
2016-05-25,477.25,477.25,477.25,477.25,2.25,,,,,,
2016-05-24,475.0,475.0,475.0,475.0,2.0,,,,,,
2016-05-23,473.0,473.0,473.0,473.0,-5.75,,,,,,
2016-05-20,478.75,478.75,478.75,478.75,-0.75,,,,,,
2016-05-19,479.5,479.5,479.5,479.5,-10.5,,,,,,
2016-05-18,490.0,490.0,490.0,490.0,-1.25,,,,,,
2016-05-17,491.25,491.25,491.25,491.25,7.25,,,,,,
2016-05-16,484.0,484.0,484.0,484.0,0.0,,,,,,
2016-05-13,484.0,484.0,484.0,484.0,6.25,,,,,,
2016-05-12,477.75,477.75,477.75,477.75,8.5,,,,,,
2016-05-11,469.25,469.25,469.25,469.25,-2.75,,,,,,
2016-05-10,472.0,472.0,472.0,472.0,4.75,,,,,,
2016-05-09,467.25,467.25,467.25,467.25,-7.25,,,,,,
2016-05-06,,,,474.5,1.25,,,,,,
2016-05-05,473.25,473.25,473.25,473.25,-8.25,,,,,,
2016-05-04,481.5,481.5,481.5,481.5,0.25,,,,,,
2016-05-03,481.25,481.25,481.25,481.25,-17.25,,,,,,
2016-05-02,498.5,498.5,498.5,498.5,0.25,,,,,,
2016-04-29,498.25,498.25,498.25,498.25,3.0,,,,,,
2016-04-28,495.25,495.25,495.25,495.25,2.0,,,,,,
2016-04-27,483.5,483.5,483.5,483.5,-4.25,,,,,,
2016-04-26,487.75,487.75,487.75,487.75,10.0,,,,,,
2016-04-25,477.75,477.75,477.75,477.75,3.75,,,,,,
2016-04-22,474.0,474.0,474.0,474.0,-29.5,,,,,,
2016-04-21,503.5,503.5,503.5,503.5,-8.75,,,,,,
2016-04-20,512.25,512.25,512.25,512.25,18.0,,,,,,
2016-04-19,487.75,494.0,486.0,494.25,13.25,489.792,6.0,,,,
2016-04-18,481.0,481.0,481.0,481.0,13.5,,,,,,
2016-04-15,467.5,467.5,467.5,467.5,0.75,,,,,,
2016-04-14,466.75,466.75,466.75,466.75,-0.75,,,,,,
2016-04-13,467.5,467.5,467.5,467.5,8.75,,,,,,
2016-04-12,458.75,458.75,458.75,458.75,4.5,,,,,,
2016-04-11,454.25,454.25,454.25,454.25,-12.5,,,,,,
2016-04-08,466.75,466.75,466.75,466.75,2.25,,,,,,
2016-04-07,464.5,464.5,464.5,464.5,-5.25,,,,,,
2016-04-06,469.75,469.75,469.75,469.75,-11.0,,,,,,
2016-04-05,480.75,480.75,480.75,480.75,-0.5,,,,,,
2016-04-04,481.25,481.25,481.25,481.25,-1.75,,,,,,
2016-04-01,483.0,483.0,483.0,483.0,2.25,,,,,,
2016-03-31,480.75,480.75,480.75,480.75,9.25,,,,,,
2016-03-30,471.5,471.5,471.5,471.5,-12.25,,,,,,
2016-03-29,483.75,483.75,483.75,483.75,5.75,,,,,,
2016-03-28,478.0,478.0,478.0,478.0,,,,0.0,,,
2016-03-24,470.75,470.75,470.75,470.75,0.0,,12.0,12.0,,,
2016-03-23,470.75,470.75,470.75,470.75,-3.75,,12.0,,,,
2016-03-22,474.5,474.5,474.5,474.5,1.0,,,,,,
2016-03-21,473.5,473.5,473.5,473.5,3.25,,,,,,
2016-03-18,470.25,470.25,470.25,470.25,0.25,,,,,,
2016-03-17,470.0,470.0,470.0,470.0,-8.25,,,,,,
2016-03-16,478.25,478.25,478.25,478.25,-6.25,,,,,,
2016-03-15,484.5,484.5,484.5,484.5,-1.25,,,,,,
2016-03-14,485.75,485.75,485.75,485.75,3.0,,,,,,
2016-03-11,482.75,482.75,482.75,482.75,-0.5,,,,,,
2016-03-10,483.25,483.25,483.25,483.25,8.5,,,,,,
2016-03-09,474.75,474.75,474.75,474.75,3.0,,,,,,
2016-03-08,471.75,471.75,471.75,471.75,2.75,,,,,,
2016-03-07,469.0,469.0,469.0,469.0,2.25,,,,,,
2016-03-04,466.75,466.75,466.75,466.75,1.0,,,,,,
2016-03-03,465.75,465.75,465.75,465.75,9.5,,,,,,
2016-03-02,456.25,456.25,456.25,456.25,3.75,,,,,,
2016-03-01,452.5,452.5,452.5,452.5,-7.75,,,,,,
2016-02-29,460.25,460.25,460.25,460.25,0.75,,,,,,
2016-02-26,459.5,459.5,459.5,459.5,-2.75,,,,,,
2016-02-25,454.0,454.0,454.0,454.0,2.75,,,,,,
2016-02-24,451.25,451.25,451.25,451.25,-4.5,,,,,,
2016-02-23,455.75,455.75,455.75,455.75,-8.25,,,,,,
2016-02-22,464.0,464.0,464.0,464.0,-2.75,,,,,,
2016-02-19,466.75,466.75,466.75,466.75,-1.75,,,,,,
2016-02-18,468.5,468.5,468.5,468.5,-6.0,,,,,,
2016-02-17,474.5,474.5,474.5,474.5,5.5,,,,,,
2016-02-16,469.0,469.0,469.0,469.0,,,,,,,
2016-02-12,462.5,462.5,462.5,462.5,-1.0,,,,,,
2016-02-11,463.5,463.5,463.5,463.5,-1.5,,,,,,
2016-02-10,465.0,465.0,465.0,465.0,3.25,,,,,,
2016-02-09,461.75,461.75,461.75,461.75,-1.25,,,,,,
2016-02-08,463.0,463.0,463.0,463.0,-7.5,,,,,,
2016-02-05,470.5,470.5,470.5,470.5,-6.25,,,,,,
2016-02-04,476.75,476.75,476.75,476.75,-7.0,,,,,,
2016-02-03,483.75,483.75,483.75,483.75,3.75,,,,,,
2016-02-02,480.0,480.0,480.0,480.0,-0.5,,,,,,
2016-02-01,480.5,480.5,480.5,480.5,-4.5,,,,,,
2016-01-29,485.0,485.0,485.0,485.0,7.0,,,,,,
2016-01-28,478.0,478.0,478.0,478.0,-4.25,,,,,,
2016-01-27,482.25,482.25,482.25,482.25,-7.75,,,,,,
2016-01-26,490.0,490.0,490.0,490.0,3.25,,,,,,
2016-01-25,486.75,486.75,486.75,486.75,6.5,,,,,,
2016-01-22,480.25,480.25,480.25,480.25,0.5,,,,,,
2016-01-21,479.75,479.75,479.75,479.75,4.0,,,,,,
2016-01-20,475.75,475.75,475.75,475.75,-3.25,,,,,,
2016-01-19,479.0,479.0,479.0,479.0,,,,,,,
2016-01-15,478.5,478.5,478.5,478.5,4.25,,,,,,
2016-01-14,474.25,474.25,474.25,474.25,-8.5,,,,,,
2016-01-13,482.75,482.75,482.75,482.75,-3.75,,,,,,
2016-01-12,486.5,486.5,486.5,486.5,12.0,,,,,,
2016-01-11,474.5,474.5,474.5,474.5,-9.25,,,,,,
2016-01-08,483.75,483.75,483.75,483.75,10.5,,,,,,
2016-01-07,473.25,473.25,473.25,473.25,5.0,,,,,,
2016-01-06,468.25,468.25,468.25,468.25,1.5,,,,,,
2016-01-05,466.75,466.75,466.75,466.75,2.25,,,,,,
2016-01-04,464.5,464.5,464.5,464.5,,,,,,,
2015-12-31,476.5,476.5,476.5,476.5,0.0,,,,,,
2015-12-30,476.5,476.5,476.5,476.5,-5.5,,,,,,
2015-12-29,482.0,482.0,482.0,482.0,8.75,,,,,,
2015-12-28,473.25,473.25,473.25,473.25,,,,,,,
2015-12-24,474.5,474.5,474.5,474.5,-2.5,,,,,,
2015-12-23,477.0,477.0,477.0,477.0,-2.0,,,,,,
2015-12-22,479.0,479.0,479.0,479.0,-7.25,,,,,,
2015-12-21,486.25,486.25,486.25,486.25,-6.75,,,,,,
2015-12-18,493.0,493.0,493.0,493.0,2.0,,,,,,
2015-12-17,491.0,491.0,491.0,491.0,1.0,,,,,,
2015-12-16,490.0,490.0,490.0,490.0,-10.25,,,,,,
2015-12-15,500.25,500.25,500.25,500.25,1.0,,,,,,
2015-12-14,499.25,499.25,499.25,499.25,3.0,,,,,,
2015-12-11,496.25,496.25,496.25,496.25,-4.75,,,,,,
2015-12-10,501.0,501.0,501.0,501.0,5.5,,,,,,
2015-12-09,495.5,495.5,495.5,495.5,7.5,,,,,,
2015-12-08,488.0,488.0,488.0,488.0,-1.75,,,,,,
2015-12-07,489.75,489.75,489.75,489.75,-1.5,,,,,,
2015-12-04,491.25,491.25,491.25,491.25,5.25,,,,,,
2015-12-03,486.0,486.0,486.0,486.0,11.75,,,,,,
2015-12-02,474.25,474.25,474.25,474.25,-5.0,,,,,,
2015-12-01,479.25,479.25,479.25,479.25,-4.75,,,,,,
2015-11-30,484.0,484.0,484.0,484.0,-0.75,,,,,,
2015-11-27,484.75,484.75,484.75,484.75,,,,,,,
2015-11-25,487.5,487.5,487.5,487.5,-1.0,,,2.0,,,
2015-11-24,488.5,488.5,488.5,488.5,-9.25,,,2.0,,,
2015-11-23,494.75,494.75,494.75,497.75,7.75,494.75,1.0,1.0,,,
2015-11-20,490.0,490.0,490.0,490.0,-2.25,490.0,1.0,,,,
2015-11-19,492.25,492.25,492.25,492.25,7.25,,,,,,
2015-11-18,485.0,485.0,485.0,485.0,-2.0,,,0.0,,,
2015-11-17,487.0,487.0,487.0,487.0,-8.5,,,0.0,,,
2015-11-16,495.5,495.5,495.5,495.5,-2.25,,,0.0,,,
2015-11-13,497.75,497.75,497.75,497.75,-2.5,,,0.0,,,
2015-11-12,500.25,500.25,500.25,500.25,2.75,,,0.0,,,
2015-11-11,497.5,497.5,497.5,497.5,2.0,,,0.0,,,
2015-11-10,495.5,495.5,495.5,495.5,-10.0,,,0.0,,,
2015-11-09,505.5,505.5,505.5,505.5,-20.0,,,0.0,,,
2015-11-06,525.5,525.5,525.5,525.5,-1.5,,,0.0,,,
2015-11-05,527.0,527.0,527.0,527.0,-1.5,,,0.0,,,
2015-11-04,528.5,528.5,528.5,528.5,9.0,,,0.0,,,
2015-11-03,519.5,519.5,519.5,519.5,7.5,,,0.0,,,
2015-11-02,512.0,512.0,512.0,512.0,-13.5,,,0.0,,,
2015-10-30,525.5,525.5,525.5,525.5,6.0,,,0.0,,,
2015-10-29,519.5,519.5,519.5,519.5,7.75,,,0.0,,,
2015-10-28,511.75,511.75,511.75,511.75,-2.5,,,0.0,,,
2015-10-27,514.25,514.25,514.25,514.25,-0.5,,,0.0,,,
2015-10-26,514.75,514.75,514.75,514.75,17.5,,,0.0,,,
2015-10-23,497.25,497.25,497.25,497.25,0.25,,,0.0,,,
2015-10-22,497.0,497.0,497.0,497.0,-4.25,,,0.0,,,
2015-10-21,501.25,501.25,501.25,501.25,3.0,,,0.0,,,
2015-10-20,498.25,498.25,498.25,498.25,5.0,,,0.0,,,
2015-10-19,493.25,493.25,493.25,493.25,-6.75,,,0.0,,,
2015-10-16,500.0,500.0,500.0,500.0,-10.5,,,0.0,,,
2015-10-15,510.5,510.5,510.5,510.5,-5.75,,,0.0,,,
2015-10-14,516.25,516.25,516.25,516.25,-10.75,,,0.0,,,
2015-10-13,527.0,527.0,527.0,527.0,12.5,,,0.0,,,
2015-10-12,514.5,514.5,514.5,514.5,-2.25,,,0.0,,,
2015-10-09,516.75,516.75,516.75,516.75,-2.25,,,0.0,,,
2015-10-08,519.0,519.0,519.0,519.0,-4.75,,,0.0,,,
2015-10-07,523.75,523.75,523.75,523.75,-9.25,,,0.0,,,
2015-10-06,533.0,533.0,533.0,533.0,11.5,,,0.0,,,
2015-10-05,521.5,521.5,521.5,521.5,2.5,,,0.0,,,
2015-10-02,519.0,519.0,519.0,519.0,-5.25,,,0.0,,,
2015-10-01,524.25,524.25,524.25,524.25,4.75,,,0.0,,,
2015-09-30,519.5,519.5,519.5,519.5,8.25,,,0.0,,,
2015-09-29,511.25,511.25,511.25,511.25,-1.5,,,0.0,,,
2015-09-28,512.75,512.75,512.75,512.75,-2.25,,,0.0,,,
2015-09-25,515.0,515.0,515.0,515.0,10.75,,,0.0,,,
2015-09-24,504.25,504.25,504.25,504.25,-10.75,,,0.0,,,
2015-09-23,515.0,515.0,515.0,515.0,12.25,,,0.0,,,
2015-09-22,502.75,502.75,502.75,502.75,-1.25,,,0.0,,,
2015-09-21,504.0,504.0,504.0,504.0,10.5,,,0.0,,,
2015-09-18,493.5,493.5,493.5,493.5,5.0,,,0.0,,,
2015-09-17,488.5,488.5,488.5,488.5,-6.75,,,0.0,,,
2015-09-16,495.25,495.25,495.25,495.25,-7.25,,,0.0,,,
2015-09-15,502.5,502.5,502.5,502.5,-7.5,,,0.0,,,
2015-09-14,510.0,510.0,510.0,510.0,16.5,,,0.0,,,
2015-09-11,493.5,493.5,493.5,493.5,7.5,,,0.0,,,
2015-09-10,486.0,486.0,486.0,486.0,5.75,,,0.0,,,
2015-09-09,480.25,480.25,480.25,480.25,-2.75,,,0.0,,,
2015-09-08,483.0,483.0,483.0,483.0,,,,0.0,,,
2015-09-04,476.25,476.25,476.25,476.25,2.5,,,0.0,,,
2015-09-03,473.75,473.75,473.75,473.75,-12.75,,,0.0,,,
2015-09-02,486.5,486.5,486.5,486.5,-4.5,,,0.0,,,
2015-09-01,491.0,491.0,491.0,491.0,0.75,,,0.0,,,
2015-08-31,490.25,490.25,490.25,490.25,-1.5,,,0.0,,,
2015-08-28,491.75,491.75,491.75,491.75,-6.0,,,0.0,,,
2015-08-27,497.5,497.5,497.5,489.75,-4.5,497.5,1.0,1.0,,,
2015-08-26,494.25,494.25,494.25,494.25,-5.25,,,1.0,,,
2015-08-25,499.5,499.5,499.5,499.5,-8.5,,,1.0,,,
2015-08-24,508.0,508.0,508.0,508.0,4.0,,,1.0,,,
2015-08-21,504.0,504.0,504.0,504.0,-7.25,,,1.0,,,
2015-08-20,510.5,511.0,510.5,511.25,11.25,510.75,2.0,1.0,,,
2015-08-19,500.0,500.0,500.0,500.0,1.25,,,1.0,,,
2015-08-18,498.75,498.75,498.75,498.75,-5.75,,,1.0,,,
2015-08-17,504.5,504.5,504.5,504.5,-7.25,,,1.0,,,
2015-08-14,511.75,511.75,511.75,511.75,2.75,,,1.0,,,
2015-08-13,509.0,509.0,509.0,509.0,11.75,,,1.0,,,
2015-08-12,500.0,500.0,500.0,497.25,-15.0,500.0,1.0,2.0,,,
2015-08-11,512.25,512.25,512.25,512.25,-17.25,,,2.0,,,
2015-08-10,529.5,529.5,529.5,529.5,13.75,,,2.0,,,
2015-08-07,515.75,515.75,515.75,515.75,4.5,,,2.0,,,
2015-08-06,511.25,511.25,511.25,511.25,4.0,,,2.0,,,
2015-08-05,507.25,507.25,507.25,507.25,7.0,,,2.0,,,
2015-08-04,500.25,500.25,500.25,500.25,-4.75,,,2.0,,,
2015-08-03,505.0,505.0,505.0,505.0,0.25,,,2.0,,,
2015-07-31,504.75,504.75,504.75,504.75,0.5,,,2.0,,,
2015-07-30,504.25,504.25,504.25,504.25,-1.0,,,2.0,,,
2015-07-29,505.25,505.25,505.25,505.25,-15.0,,,2.0,,,
2015-07-28,520.25,520.25,520.25,520.25,8.5,,,2.0,,,
2015-07-27,511.75,511.75,511.75,511.75,-8.0,,,2.0,,,
2015-07-24,519.75,519.75,519.75,519.75,-9.0,,,2.0,,,
2015-07-23,528.75,528.75,528.75,528.75,4.25,,,2.0,,,
2015-07-22,524.5,524.5,524.5,524.5,-8.75,,,2.0,,,
2015-07-21,533.25,533.25,533.25,533.25,-9.25,,,2.0,,,
2015-07-20,549.75,549.75,549.75,542.5,-21.0,549.75,1.0,1.0,,,
2015-07-17,563.5,563.5,563.5,563.5,-7.5,,,1.0,,,
2015-07-16,571.0,571.0,571.0,571.0,-3.5,,,1.0,,,
2015-07-15,574.5,574.5,574.5,574.5,-2.0,,,1.0,,,
2015-07-14,576.5,576.5,576.5,576.5,-5.5,,,1.0,,,
2015-07-13,582.0,582.0,582.0,582.0,-1.5,,,1.0,,,
2015-07-10,583.5,583.5,583.5,583.5,-2.5,,,1.0,,,
2015-07-09,586.0,586.0,586.0,586.0,1.25,,,1.0,,,
2015-07-08,584.75,584.75,584.75,584.75,-8.0,,,1.0,,,
2015-07-07,592.75,592.75,592.75,592.75,-11.0,,,1.0,,,
2015-07-06,603.75,603.75,603.75,603.75,,,,1.0,,,
2015-07-02,599.25,599.25,599.25,599.25,2.5,,,1.0,,,
2015-07-01,596.75,596.75,596.75,596.75,-25.25,,,1.0,,,
2015-06-30,622.0,622.0,622.0,622.0,31.25,,,1.0,,,
2015-06-29,590.75,590.75,590.75,590.75,14.75,,,1.0,,,
2015-06-26,568.0,568.0,568.0,568.0,30.0,,,5.0,,,
2015-06-25,528.0,533.25,528.0,538.0,14.75,528.875,6.0,1.0,,,
2015-06-24,523.25,523.25,523.25,523.25,-3.75,,,1.0,,,
2015-06-23,527.0,527.0,527.0,527.0,21.0,,,1.0,,,
2015-06-22,506.0,506.0,506.0,506.0,13.5,,,1.0,,,
2015-06-19,492.5,492.5,492.5,492.5,-0.75,,,1.0,,,
2015-06-18,490.0,498.75,490.0,493.25,-3.75,494.375,2.0,1.0,,,
2015-06-17,497.0,497.0,497.0,497.0,2.5,,,1.0,,,
2015-06-16,494.5,494.5,494.5,494.5,-0.75,,,1.0,,,
2015-06-15,494.5,494.5,494.5,495.25,-15.25,494.5,1.0,1.0,,,
2015-06-12,510.5,510.5,510.5,510.5,-1.0,,,1.0,,,
2015-06-11,511.5,511.5,511.5,511.5,-9.75,,,1.0,,,
2015-06-10,521.25,521.25,521.25,521.25,-17.5,,,1.0,,,
2015-06-09,538.75,538.75,538.75,538.75,4.75,,,1.0,,,
2015-06-08,534.0,534.0,534.0,534.0,12.5,,,1.0,,,
2015-06-05,521.5,521.5,521.5,521.5,-7.75,,,1.0,,,
2015-06-04,529.25,529.25,529.25,529.25,14.25,,,1.0,,,
2015-06-03,525.5,525.5,525.5,515.0,-2.25,525.5,2.0,3.0,,,
2015-06-02,517.25,517.25,517.25,517.25,18.5,,,3.0,,,
2015-06-01,498.75,498.75,498.75,498.75,16.5,498.75,2.0,1.0,,,
2015-05-29,482.25,482.25,482.25,482.25,-12.25,,,1.0,,,
2015-05-28,494.5,494.5,494.5,494.5,1.75,,,1.0,,,
2015-05-27,492.75,492.75,492.75,492.75,-8.25,,,1.0,,,
2015-05-26,501.0,501.0,501.0,501.0,,,,1.0,,,
2015-05-22,523.0,523.0,523.0,523.0,-6.5,,,1.0,,,
2015-05-21,529.5,529.5,529.5,529.5,9.5,,,1.0,,,
2015-05-20,520.0,520.0,520.0,520.0,1.5,,,1.0,,,
2015-05-19,518.5,518.5,518.5,518.5,-10.75,,,1.0,,,
2015-05-18,529.25,529.25,529.25,529.25,11.75,,,1.0,,,
2015-05-15,517.5,517.5,517.5,517.5,-3.5,,,1.0,,,
2015-05-14,521.0,521.0,521.0,521.0,33.0,,,1.0,,,
2015-05-13,488.0,488.0,488.0,488.0,0.5,,,1.0,,,
2015-05-12,486.5,486.5,486.5,487.5,-0.5,486.5,1.0,0.0,,,
2015-05-11,488.0,488.0,488.0,488.0,-1.25,,,0.0,,,
2015-05-08,489.25,489.25,489.25,489.25,8.5,,,0.0,,,
2015-05-07,480.75,480.75,480.75,480.75,-6.5,,,0.0,,,
2015-05-06,487.25,487.25,487.25,487.25,12.5,,,0.0,,,
2015-05-05,474.75,474.75,474.75,474.75,-6.5,,,0.0,,,
2015-05-04,481.25,481.25,481.25,481.25,-1.5,,,0.0,,,
2015-05-01,482.75,482.75,482.75,482.75,-1.0,,,0.0,,,
2015-04-30,483.75,483.75,483.75,483.75,-9.5,,,0.0,,,
2015-04-29,493.25,493.25,493.25,493.25,7.5,,,0.0,,,
2015-04-28,476.25,476.25,476.25,476.25,3.0,,,12.0,,,
2015-04-27,473.25,473.25,473.25,473.25,-15.25,,,12.0,,,
2015-04-24,488.5,488.5,488.5,488.5,-12.75,,,12.0,,,
2015-04-23,501.25,501.25,501.25,501.25,2.25,,,12.0,,,
2015-04-22,499.0,499.0,499.0,499.0,-1.25,,,12.0,,,
2015-04-21,500.25,500.25,500.25,500.25,2.0,,,12.0,,,
2015-04-20,498.25,498.25,498.25,498.25,9.0,,,12.0,,,
2015-04-17,489.25,489.25,489.25,489.25,-1.5,,,12.0,,,
2015-04-16,490.75,490.75,490.75,490.75,1.75,,,12.0,,,
2015-04-15,489.0,489.0,489.0,489.0,-7.5,,,12.0,,,
2015-04-14,496.5,496.5,496.5,496.5,-3.75,,,12.0,,,
2015-04-13,500.25,500.25,500.25,500.25,-23.75,,10.0,2.0,,,
2015-04-10,524.0,524.0,524.0,524.0,6.5,,,2.0,,,
2015-04-09,517.5,517.5,517.5,517.5,-6.25,,,2.0,,,
2015-04-08,523.75,523.75,523.75,523.75,-1.25,,,2.0,,,
2015-04-07,525.0,525.0,525.0,525.0,-2.75,,,2.0,,,
2015-04-06,527.75,527.75,527.75,527.75,,,,2.0,,,
2015-04-02,535.75,535.75,535.75,535.75,6.25,,,2.0,,,
2015-04-01,529.5,529.5,529.5,529.5,15.5,,,2.0,,,
2015-03-31,514.0,514.0,514.0,514.0,-19.25,,,2.0,,,
2015-03-30,533.25,533.25,533.25,533.25,21.25,,,2.0,,,
2015-03-27,512.0,512.0,512.0,512.0,7.25,,,2.0,,,
2015-03-26,31.39,31.39,31.39,31.39,0.13,,,100.0,,,
2015-03-25,523.75,523.75,523.75,523.75,-4.5,,,2.0,,,
2015-03-24,528.25,528.25,528.25,528.25,-9.75,,,2.0,,,
2015-03-23,538.0,538.0,538.0,538.0,4.25,,,2.0,,,
2015-03-20,533.75,533.75,533.75,533.75,18.0,,,2.0,,,
2015-03-19,515.75,515.75,515.75,515.75,1.5,,,2.0,,,
2015-03-18,514.25,514.25,514.25,514.25,7.5,,,2.0,,,
2015-03-17,512.0,512.0,512.0,506.75,-9.75,512.0,1.0,3.0,,,
2015-03-16,508.25,508.25,508.25,516.5,13.25,508.25,1.0,2.0,,,
2015-03-13,503.25,503.25,503.25,503.25,-6.25,,,2.0,,,
2015-03-12,509.5,509.5,509.5,509.5,7.75,,,2.0,,,
2015-03-11,501.75,501.75,501.75,501.75,4.75,,,2.0,,,
2015-03-10,497.0,497.0,497.0,497.0,2.75,,,2.0,,,
2015-03-09,494.25,494.25,494.25,494.25,7.75,,,2.0,,,
2015-03-06,486.5,486.5,486.5,486.5,-1.25,,,2.0,,,
2015-03-05,487.75,487.75,487.75,487.75,-15.25,,,2.0,,,
2015-03-04,503.0,503.0,503.0,503.0,-6.75,,,2.0,,,
2015-03-03,509.75,509.75,509.75,509.75,5.75,,,2.0,,,
2015-03-02,504.0,504.0,504.0,504.0,-12.75,,,2.0,,,
2015-02-27,516.75,516.75,516.75,516.75,12.0,,,2.0,,,
2015-02-26,504.75,504.75,504.75,504.75,3.0,,,2.0,,,
2015-02-25,497.25,497.25,497.25,497.25,-6.5,,,2.0,,,
2015-02-24,503.75,503.75,503.75,503.75,-0.25,,,2.0,,,
2015-02-23,504.0,504.0,504.0,504.0,-3.0,,,2.0,,,
2015-02-20,507.0,507.0,507.0,507.0,-12.5,,,2.0,,,
2015-02-19,519.5,519.5,519.5,519.5,-4.25,,,2.0,,,
2015-02-18,523.75,523.75,523.75,523.75,-8.0,,,2.0,,,
2015-02-17,531.75,531.75,531.75,531.75,,,,2.0,,,
2015-02-13,529.25,529.25,529.25,529.25,9.5,,,2.0,,,
2015-02-12,519.75,519.75,519.75,519.75,-4.0,,,2.0,,,
2015-02-11,523.75,523.75,523.75,523.75,1.5,,,2.0,,,
2015-02-10,522.25,522.25,522.25,522.25,-8.0,,,2.0,,,
2015-02-09,530.25,530.25,530.25,530.25,1.25,,,2.0,,,
2015-02-06,529.0,529.0,529.0,529.0,1.75,,,2.0,,,
2015-02-05,527.25,527.25,527.25,527.25,13.25,,,2.0,,,
2015-02-04,514.0,514.0,514.0,514.0,-3.75,,,2.0,,,
2015-02-03,517.75,517.75,517.75,517.75,20.5,,,2.0,,,
2015-02-02,497.25,497.25,497.25,497.25,-9.5,,,2.0,,,
2015-01-30,506.75,506.75,506.75,506.75,-5.75,,,2.0,,,
2015-01-29,511.0,511.0,511.0,512.5,2.25,511.0,1.0,2.0,,,
2015-01-28,509.5,509.5,509.5,510.25,-12.75,509.5,1.0,2.0,,,
2015-01-27,523.0,523.0,523.0,523.0,-1.25,,,2.0,,,
2015-01-26,524.25,524.25,524.25,524.25,-8.5,,,2.0,,,
2015-01-23,532.75,532.75,532.75,532.75,-4.5,,,2.0,,,
2015-01-22,537.25,537.25,537.25,537.25,-2.75,,,2.0,,,
2015-01-21,540.0,540.0,540.0,540.0,0.25,,,2.0,,,
2015-01-20,539.75,539.75,539.75,539.75,,,,2.0,,,
2015-01-16,534.75,534.75,534.75,534.75,-1.0,,,2.0,,,
2015-01-15,535.75,535.75,535.75,535.75,-5.0,,,2.0,,,
2015-01-14,540.75,540.75,540.75,540.75,-11.25,,,2.0,,,
2015-01-13,552.0,552.0,552.0,552.0,-8.0,,,2.0,,,
2015-01-12,560.0,560.0,560.0,560.0,-7.75,,,2.0,,,
2015-01-09,567.75,567.75,567.75,567.75,-4.25,,,2.0,,,
2015-01-08,572.0,572.0,572.0,572.0,-12.0,,,2.0,,,
2015-01-07,584.0,584.0,584.0,584.0,-12.0,,,2.0,,,
2015-01-06,596.0,596.0,596.0,596.0,2.25,,,2.0,,,
2015-01-05,593.75,593.75,593.75,593.75,7.0,,,2.0,,,
2015-01-02,586.75,586.75,586.75,586.75,,,,2.0,,,
2014-12-31,594.5,594.5,594.5,594.5,-11.5,,,2.0,,,
2014-12-30,606.0,606.0,606.0,606.0,-13.0,,,2.0,,,
2014-12-29,619.0,619.0,619.0,619.0,4.25,,,2.0,,,
2014-12-26,614.75,614.75,614.75,614.75,,,,2.0,,,
2014-12-24,615.25,615.25,615.25,615.25,-23.25,,,2.0,,,
2014-12-23,638.5,638.5,638.5,638.5,9.25,,,2.0,,,
2014-12-22,629.25,629.25,629.25,629.25,-5.75,,,2.0,,,
2014-12-19,642.75,642.75,642.75,635.0,-21.75,642.75,4.0,4.0,,,
2014-12-18,656.75,656.75,656.75,656.75,6.0,,,4.0,,,
2014-12-17,650.75,650.75,650.75,650.75,24.5,,,4.0,,,
2014-12-16,626.25,626.25,626.25,626.25,5.0,,,4.0,,,
2014-12-15,619.0,619.0,619.0,621.25,12.5,619.0,1.0,3.0,,,
2014-12-12,608.75,608.75,608.75,608.75,8.5,,,3.0,,,
2014-12-11,600.25,600.25,600.25,600.25,15.25,,,3.0,,,
2014-12-10,578.75,578.75,578.75,585.0,-4.5,578.75,1.0,4.0,,,
2014-12-09,589.5,589.5,589.5,589.5,-12.5,,,4.0,,,
2014-12-08,603.75,603.75,603.75,602.0,3.0,603.75,1.0,3.0,,,
2014-12-05,599.0,599.0,599.0,599.0,4.0,,,3.0,,,
2014-12-04,595.0,595.0,595.0,595.0,-0.25,,,3.0,,,
2014-12-03,595.25,595.25,595.25,595.25,-13.5,,,3.0,,,
2014-12-02,608.75,608.75,608.75,608.75,-3.75,,,3.0,,,
2014-12-01,612.5,612.5,612.5,612.5,28.0,,,3.0,,,
2014-11-28,581.5,581.5,581.5,584.5,,581.5,1.0,2.0,,,
2014-11-24,557.0,557.0,557.0,557.0,-3.5,,,1.0,,,
2014-11-21,553.5,553.5,553.5,553.5,1.0,,,0.0,,,
2014-11-20,552.5,552.5,552.5,552.5,11.5,,,0.0,,,
2014-11-19,541.0,541.0,541.0,541.0,-10.0,,,0.0,,,
2014-11-18,551.0,551.0,551.0,551.0,-2.75,,,0.0,,,
2014-11-17,553.75,553.75,553.75,553.75,-9.0,,,0.0,,,
2014-11-14,562.75,562.75,562.75,562.75,6.75,,,0.0,,,
2014-11-13,556.0,556.0,556.0,556.0,8.0,,,0.0,,,
2014-11-12,548.0,548.0,548.0,548.0,17.25,,,0.0,,,
2014-11-11,530.75,530.75,530.75,530.75,3.5,,,0.0,,,
2014-11-10,527.25,527.25,527.25,527.25,1.0,,,0.0,,,
2014-11-07,526.25,526.25,526.25,526.25,-5.75,,,0.0,,,
2014-11-06,532.0,532.0,532.0,532.0,-4.25,,,0.0,,,
2014-11-05,536.25,536.25,536.25,536.25,-5.75,,,0.0,,,
2014-11-04,542.0,542.0,542.0,542.0,-8.75,,,0.0,,,
2014-11-03,550.75,550.75,550.75,550.75,5.0,,,0.0,,,
2014-10-31,545.75,545.75,545.75,545.75,-3.25,,,0.0,,,
2014-10-30,549.0,549.0,549.0,549.0,-2.0,,,0.0,,,
2014-10-29,551.0,551.0,551.0,551.0,6.5,,,0.0,,,
2014-10-28,544.5,544.5,544.5,544.5,8.0,,,0.0,,,
2014-10-27,536.5,536.5,536.5,536.5,5.5,,,0.0,,,
2014-10-24,531.0,531.0,531.0,531.0,-9.25,,,0.0,,,
2014-10-23,540.25,540.25,540.25,540.25,4.25,,,0.0,,,
2014-10-22,536.0,536.0,536.0,536.0,3.0,,,0.0,,,
2014-10-21,533.0,533.0,533.0,533.0,6.75,,,0.0,,,
2014-10-20,526.25,526.25,526.25,526.25,-1.75,,,0.0,,,
2014-10-18,526.25,526.25,526.25,526.25,-1.75,,,0.0,,,
2014-10-17,32.53,32.53,32.53,32.53,-0.32,,,0.0,,,
2014-10-16,528.75,528.75,528.75,528.75,10.75,,,0.0,,,
2014-10-15,518.0,518.0,518.0,518.0,-3.25,,,0.0,,,
2014-10-14,521.25,521.25,521.25,521.25,4.25,,,0.0,,,
2014-10-13,517.0,517.0,517.0,517.0,7.5,,,0.0,,,
2014-10-10,509.5,509.5,509.5,509.5,4.25,,,0.0,,,
2014-10-09,505.25,505.25,505.25,505.25,-14.0,,,0.0,,,
2014-10-08,519.25,519.25,519.25,519.25,1.0,,,0.0,,,
2014-10-07,518.25,518.25,518.25,518.25,14.75,,,0.0,,,
2014-10-06,503.5,503.5,503.5,503.5,6.5,,,0.0,,,
2014-10-03,497.0,497.0,497.0,497.0,1.0,,,0.0,,,
2014-10-02,496.0,496.0,496.0,496.0,3.75,,,0.0,,,
2014-10-01,492.25,492.25,492.25,492.25,1.75,,,0.0,,,
2014-09-30,490.5,490.5,490.5,490.5,-3.5,,,0.0,,,
2014-09-29,494.0,494.0,494.0,494.0,6.5,,,0.0,,,
2014-09-25,487.75,487.75,487.75,487.75,-4.5,,,0.0,,,
2014-09-24,492.25,492.25,492.25,492.25,4.0,,,0.0,,,
2014-09-23,488.25,488.25,488.25,488.25,-1.25,,,0.0,,,
2014-09-22,489.5,489.5,489.5,489.5,-1.5,,,0.0,,,
2014-09-19,491.0,491.0,491.0,491.0,-14.75,,,0.0,,,
2014-09-18,505.75,505.75,505.75,505.75,-10.5,,,0.0,,,
2014-09-17,516.25,516.25,516.25,516.25,3.5,,,0.0,,,
2014-09-16,512.75,512.75,512.75,512.75,-5.5,,,0.0,,,
2014-09-15,518.25,518.25,518.25,518.25,-1.75,,,0.0,,,
2014-09-12,520.0,520.0,520.0,520.0,-6.25,,,0.0,,,
2014-09-11,526.25,526.25,526.25,526.25,-9.75,,,0.0,,,
2014-09-10,536.0,536.0,536.0,536.0,-8.0,,,0.0,,,
2014-09-09,544.0,544.0,544.0,544.0,-6.75,,,0.0,,,
2014-09-08,550.75,550.75,550.75,550.75,-2.25,,,0.0,,,
2014-09-05,553.0,553.0,553.0,553.0,3.0,,,0.0,,,
2014-09-04,550.0,550.0,550.0,550.0,-6.5,,,0.0,,,
2014-09-03,556.5,556.5,556.5,556.5,-17.0,,,0.0,,,
2014-09-02,573.5,573.5,573.5,573.5,,,,0.0,,,
2014-08-29,582.5,582.5,582.5,582.5,-8.75,,,0.0,,,
2014-08-28,591.25,591.25,591.25,591.25,8.75,,,0.0,,,
2014-08-27,551.0,551.0,551.0,562.25,5.75,551.0,7.0,12.0,,,
2014-08-26,556.5,556.5,556.5,556.5,2.0,,,12.0,,,
2014-08-25,557.75,557.75,554.0,554.5,-7.75,556.1,15.0,5.0,,,
2014-08-22,562.25,562.25,562.25,562.25,6.75,,,5.0,,,
2014-08-21,555.5,555.5,555.5,555.5,5.5,,,5.0,,,
2014-08-20,557.5,560.0,554.75,550.0,-8.5,558.4,5.0,1.0,,,
2014-08-19,558.5,558.5,558.5,558.5,4.25,,,1.0,,,
2014-08-18,554.25,554.25,554.25,554.25,-9.25,,,1.0,,,
2014-08-15,563.5,563.5,563.5,563.5,10.75,,,1.0,,,
2014-08-14,552.75,552.75,552.75,552.75,7.25,,,1.0,,,
2014-08-13,545.5,545.5,545.5,545.5,-5.75,,,1.0,,,
2014-08-12,551.25,551.25,551.25,551.25,-11.5,,,1.0,,,
2014-08-11,562.25,562.25,562.25,562.75,-3.25,562.25,1.0,3.0,,,
2014-08-08,566.0,566.0,566.0,566.0,-13.0,,,3.0,,,
2014-08-07,579.0,579.0,579.0,579.0,-7.75,,,3.0,,,
2014-08-06,586.75,586.75,586.75,586.75,14.0,,,3.0,,,
2014-08-05,572.75,572.75,572.75,572.75,8.25,,,3.0,,,
2014-08-04,564.5,564.5,564.5,564.5,11.25,,,3.0,,,
2014-08-01,553.25,553.25,553.25,553.25,3.0,,,3.0,,,
2014-07-31,550.25,550.25,550.25,550.25,0.75,,,3.0,,,
2014-07-30,549.5,549.5,549.5,549.5,5.75,,,3.0,,,
2014-07-29,543.75,543.75,543.75,543.75,-14.0,,,3.0,,,
2014-07-28,557.75,557.75,557.75,557.75,-2.0,,,3.0,,,
2014-07-25,559.75,559.75,559.75,559.75,9.5,,,3.0,,,
2014-07-24,550.25,550.25,550.25,550.25,-4.25,,,3.0,,,
2014-07-23,554.5,554.5,554.5,554.5,5.75,,,3.0,,,
2014-07-22,548.75,548.75,548.75,548.75,-5.5,,,3.0,,,
2014-07-21,554.25,554.25,554.25,554.25,-2.0,,,3.0,,,
2014-07-18,556.25,556.25,556.25,556.25,-17.25,,,3.0,,,
2014-07-17,573.5,573.5,573.5,573.5,11.5,,,3.0,,,
2014-07-16,562.0,562.0,562.0,562.0,1.0,,,3.0,,,
2014-07-15,561.0,561.0,561.0,561.0,0.5,,,3.0,,,
2014-07-14,560.5,560.5,560.5,560.5,12.75,,,3.0,,,
2014-07-11,547.75,547.75,547.75,547.75,-22.75,,,3.0,,,
2014-07-10,570.5,570.5,570.5,570.5,-4.5,,,3.0,,,
2014-07-09,575.0,575.0,575.0,575.0,-5.25,,,3.0,,,
2014-07-08,580.25,580.25,580.25,580.25,-0.25,,,3.0,,,
2014-07-07,580.5,580.5,580.5,580.5,,,,3.0,,,
2014-07-03,603.75,603.75,603.75,603.75,5.5,,,3.0,,,
2014-07-02,598.25,598.25,598.25,598.25,3.25,,,3.0,,,
2014-07-01,595.0,595.0,595.0,595.0,-3.25,,,3.0,,,
2014-06-30,598.25,598.25,598.25,598.25,-14.5,,,3.0,,,
2014-06-27,590.0,590.0,590.0,612.75,8.75,590.0,3.0,3.0,,,
2014-06-26,584.75,584.75,584.75,584.75,0.5,,,4.0,,,
2014-06-25,584.25,584.25,584.25,584.25,3.5,,,4.0,,,
2014-06-24,580.75,580.75,580.75,580.75,-8.25,,,4.0,,,
2014-06-23,589.0,589.0,589.0,589.0,-4.25,,,4.0,,,
2014-06-20,602.0,602.0,602.0,593.25,-9.25,602.0,4.0,0.0,,,
2014-06-19,602.5,602.5,602.5,602.5,6.25,,,0.0,,,
2014-06-18,596.25,596.25,596.25,596.25,5.5,,,0.0,,,
2014-06-17,590.75,590.75,590.75,590.75,-0.5,,,0.0,,,
2014-06-16,591.25,591.25,591.25,591.25,-5.25,,,0.0,,,
2014-06-12,597.0,597.0,597.0,597.0,-4.5,,,0.0,,,
2014-06-11,601.5,601.5,601.5,601.5,-11.5,,,0.0,,,
2014-06-10,613.0,613.0,613.0,613.0,-11.75,,,0.0,,,
2014-06-09,624.75,624.75,624.75,624.75,-5.5,,,0.0,,,
2014-06-06,630.25,630.25,630.25,630.25,14.0,,,0.0,,,
2014-06-05,616.25,616.25,616.25,616.25,-8.75,,,0.0,,,
2014-06-04,625.0,625.0,625.0,625.0,2.0,,,0.0,,,
2014-06-03,623.0,623.0,623.0,623.0,-8.75,,,0.0,,,
2014-06-02,631.75,631.75,631.75,631.75,-8.0,,,0.0,,,
2014-05-30,639.75,639.75,639.75,639.75,-4.75,,,0.0,,,
2014-05-29,644.5,644.5,644.5,644.5,-6.0,,,0.0,,,
2014-05-28,650.5,650.5,650.5,650.5,-2.5,,,0.0,,,
2014-05-27,653.0,653.0,653.0,653.0,-10.75,,,0.0,,,
2014-05-26,663.75,663.75,663.75,663.75,0.0,,,0.0,,,
2014-05-23,663.75,663.75,663.75,663.75,-6.25,,,0.0,,,
2014-05-22,670.0,670.0,670.0,670.0,-5.25,,,0.0,,,
2014-05-21,675.25,675.25,675.25,675.25,-5.25,,,0.0,,,
2014-05-20,680.5,680.5,680.5,680.5,-3.25,,,0.0,,,
2014-05-19,683.75,683.75,683.75,683.75,0.5,,,0.0,,,
2014-05-16,683.25,683.25,683.25,683.25,-3.75,,,0.0,,,
2014-05-15,40.92,40.92,40.92,40.92,-0.23,,,0.0,,,
2014-05-14,699.0,699.0,699.0,699.0,-19.0,,,0.0,,,
2014-05-13,718.0,718.0,718.0,718.0,-6.0,,,0.0,,,
2014-05-12,724.0,724.0,724.0,724.0,-7.0,,,0.0,,,
2014-05-09,731.0,731.0,731.0,731.0,-12.75,,,0.0,,,
2014-05-08,743.75,743.75,743.75,743.75,-2.75,,,0.0,,,
2014-05-07,746.5,746.5,746.5,746.5,-1.0,,,0.0,,,
2014-05-06,747.5,747.5,747.5,747.5,10.5,,,0.0,,,
2014-05-05,737.0,737.0,737.0,737.0,12.75,,,0.0,,,
2014-05-02,724.25,724.25,724.25,724.25,8.25,,,0.0,,,
2014-05-01,716.0,716.0,716.0,716.0,-13.75,,,0.0,,,
2014-04-30,729.75,729.75,729.75,729.75,5.75,,,0.0,,,
2014-04-29,724.0,724.0,724.0,724.0,7.25,,,0.0,,,
2014-04-28,708.5,708.5,708.5,708.5,0.25,,,4.0,,,
2014-04-25,708.25,708.25,708.25,708.25,11.75,,4.0,1.0,,,
2014-04-24,696.5,696.5,696.5,696.5,13.75,,,1.0,,,
2014-04-23,682.75,682.75,682.75,682.75,3.25,,,1.0,,,
2014-04-22,679.5,679.5,679.5,679.5,4.0,,,1.0,,,
2014-04-21,675.5,675.5,675.5,675.5,,,,1.0,,,
2014-04-17,699.0,699.0,699.0,699.0,3.75,,,1.0,,,
2014-04-16,695.25,695.25,695.25,695.25,-14.5,,,1.0,,,
2014-04-15,709.75,709.75,709.75,709.75,23.0,,,1.0,,,
2014-04-14,686.75,686.75,686.75,686.75,18.5,,,1.0,,,
2014-04-11,668.25,668.25,668.25,668.25,-1.75,,,1.0,,,
2014-04-10,670.0,670.0,670.0,670.0,-7.25,,,1.0,,,
2014-04-09,677.25,677.25,677.25,677.25,-12.0,,,1.0,,,
2014-04-08,689.25,689.25,689.25,689.25,5.75,,,1.0,,,
2014-04-07,683.5,683.5,683.5,683.5,7.0,,,1.0,,,
2014-04-04,676.5,676.5,676.5,676.5,-5.25,,,1.0,,,
2014-04-03,681.75,681.75,681.75,681.75,6.75,,,1.0,,,
2014-04-02,675.0,675.0,675.0,675.0,-15.0,,,1.0,,,
2014-04-01,690.0,690.0,690.0,690.0,-11.5,,,1.0,,,
2014-03-31,701.5,701.5,701.5,701.5,2.25,,,1.0,,,
2014-03-28,699.25,699.25,699.25,699.25,-15.25,,,1.0,,,
2014-03-27,714.5,714.5,714.5,714.5,13.25,,,1.0,,,
2014-03-26,701.25,701.25,701.25,701.25,-10.5,,,1.0,,,
2014-03-25,711.75,711.75,711.75,711.75,-5.0,,,1.0,,,
2014-03-24,716.75,716.75,716.75,716.75,21.25,,,1.0,,,
2014-03-21,695.5,695.5,695.5,695.5,-10.0,,,1.0,,,
2014-03-20,705.5,705.5,705.5,705.5,-11.5,,,1.0,,,
2014-03-19,717.0,717.0,717.0,717.0,21.5,,,1.0,,,
2014-03-18,695.5,695.5,695.5,695.5,17.25,,,1.0,,,
2014-03-17,678.25,678.25,678.25,678.25,-12.0,,,1.0,,,
2014-03-14,690.25,690.25,690.25,690.25,12.25,,,1.0,,,
2014-03-13,678.0,678.0,678.0,678.0,-10.25,,,1.0,,,
2014-03-12,688.25,688.25,688.25,688.25,24.0,,,1.0,,,
2014-03-11,664.25,664.25,664.25,664.25,18.25,,,1.0,,,
2014-03-10,646.0,646.0,646.0,646.0,-13.0,,,1.0,,,
2014-03-07,659.0,659.0,659.0,659.0,9.5,,,1.0,,,
2014-03-06,649.5,649.5,649.5,649.5,3.5,,,1.0,,,
2014-03-05,646.0,646.0,646.0,646.0,-1.0,,,1.0,,,
2014-03-04,647.0,647.0,647.0,647.0,11.25,,30.0,1.0,,,
2014-03-03,635.75,635.75,635.75,635.75,27.5,,,1.0,,,
2014-02-28,608.25,608.25,608.25,608.25,12.5,,,1.0,,,
2014-02-27,589.25,589.25,589.25,589.25,-16.25,,,12.0,,,
2014-02-26,605.5,605.5,605.5,605.5,-12.5,,,12.0,,,
2014-02-25,618.0,618.0,618.0,618.0,1.0,,6.0,6.0,,,
2014-02-24,617.0,617.0,617.0,617.0,11.5,,,6.0,,,
2014-02-21,608.25,608.25,608.25,605.5,-8.0,,6.0,1.0,,,
2014-02-20,613.5,613.5,613.5,613.5,0.0,,,1.0,,,
2014-02-19,613.5,613.5,613.5,613.5,6.0,,,1.0,,,
2014-02-18,607.5,607.5,607.5,607.5,,,,1.0,,,
2014-02-14,596.25,596.25,596.25,596.25,2.25,,,1.0,,,
2014-02-13,594.0,594.0,594.0,594.0,7.75,,,1.0,,,
2014-02-12,586.25,586.25,586.25,586.25,-2.75,,,1.0,,,
2014-02-11,589.0,589.0,589.0,589.0,4.0,,,1.0,,,
2014-02-10,585.0,585.0,585.0,585.0,5.75,,,1.0,,,
2014-02-07,579.25,579.25,579.25,579.25,-3.0,,,1.0,,,
2014-02-06,582.25,582.25,582.25,582.25,-7.0,,,1.0,,,
2014-02-05,589.25,589.25,589.25,589.25,2.5,,,1.0,,,
2014-02-04,586.75,586.75,586.75,586.75,21.0,,,1.0,,,
2014-02-03,565.75,565.75,565.75,565.75,7.5,,,1.0,,,
2014-01-31,558.25,558.25,558.25,558.25,2.0,,,1.0,,,
2014-01-30,556.25,556.25,556.25,556.25,0.25,,,1.0,,,
2014-01-29,556.0,556.0,556.0,556.0,-15.75,,,1.0,,,
2014-01-28,571.75,571.75,571.75,571.75,2.0,,,1.0,,,
2014-01-27,569.75,569.75,569.75,569.75,-1.75,,,1.0,,,
2014-01-24,571.5,571.5,571.5,571.5,-4.75,,,1.0,,,
2014-01-23,576.25,576.25,576.25,576.25,8.25,,2.0,1.0,,,
2014-01-22,568.0,568.0,568.0,568.0,-1.0,,,1.0,,,
2014-01-21,569.0,569.0,569.0,569.0,,,,1.0,,,
2014-01-17,570.5,570.5,570.5,570.5,-9.25,,,1.0,,,
2014-01-16,579.75,579.75,579.75,579.75,5.0,,,1.0,,,
2014-01-15,574.75,574.75,574.75,574.75,-11.5,,,1.0,,,
2014-01-14,586.25,586.25,586.25,586.25,5.75,,,1.0,,,
2014-01-13,580.5,580.5,580.5,580.5,5.5,,,1.0,,,
2014-01-10,575.0,575.0,575.0,575.0,-14.5,,,1.0,,,
2014-01-09,589.5,589.5,589.5,589.5,-5.0,,,1.0,,,
2014-01-08,594.5,594.5,594.5,594.5,-13.25,,,1.0,,,
2014-01-07,607.75,607.75,607.75,607.75,-3.5,,,1.0,,,
2014-01-06,611.25,611.25,611.25,611.25,0.0,,,1.0,,,
2014-01-03,611.25,611.25,611.25,611.25,7.5,,,1.0,,,
2014-01-02,603.75,603.75,603.75,603.75,,,,1.0,,,
2013-12-31,612.0,612.0,612.0,612.0,4.5,,,1.0,,,
2013-12-30,607.5,607.5,607.5,607.5,-8.75,,,1.0,,,
2013-12-27,616.25,616.25,616.25,616.25,2.75,,,1.0,,,
2013-12-26,613.5,613.5,613.5,613.5,,,,1.0,,,
2013-12-24,613.5,613.5,613.5,613.5,-3.25,,,1.0,,,
2013-12-23,616.75,616.75,616.75,616.75,-4.0,,,1.0,,,
2013-12-20,620.75,620.75,620.75,620.75,3.25,,,1.0,,,
2013-12-19,617.5,617.5,617.5,617.5,-1.75,,,1.0,,,
2013-12-18,619.25,619.25,619.25,619.25,-6.75,,,1.0,,,
2013-12-17,626.0,626.0,626.0,626.0,-1.75,,,1.0,,,
2013-12-16,627.75,627.75,627.75,627.75,-7.0,,,1.0,,,
2013-12-13,634.75,634.75,634.75,634.75,-5.5,,,1.0,,,
2013-12-12,640.25,640.25,640.25,640.25,-6.5,,1.0,1.0,,,
2013-12-11,646.75,646.75,646.75,646.75,2.5,,,1.0,,,
2013-12-10,644.25,644.25,644.25,644.25,-11.25,,1.0,3.0,,,
2013-12-09,655.5,655.5,655.5,655.5,-1.0,,,3.0,,,
2013-12-06,656.5,656.5,656.5,656.5,-0.5,,,3.0,,,
2013-12-05,657.0,657.0,657.0,657.0,-9.25,,,3.0,,,
2013-12-04,666.25,666.25,666.25,666.25,-6.0,,8.0,3.0,,,
2013-12-03,672.25,672.25,672.25,672.25,5.75,,,3.0,,,
2013-12-02,666.5,666.5,666.5,666.5,-7.25,,,3.0,,,
2013-11-29,673.75,673.75,673.75,673.75,,,,3.0,,,
2013-11-27,663.5,663.5,663.5,663.5,7.5,,,6.0,,,
2013-11-26,656.0,656.0,656.0,656.0,-3.25,,,6.0,,,
2013-11-25,659.25,659.25,659.25,659.25,2.25,,6.0,3.0,,,
2013-11-22,657.0,657.0,657.0,657.0,2.25,,2.0,3.0,,,
2013-11-21,654.75,654.75,654.75,654.75,-0.75,,,3.0,,,
2013-11-20,655.5,655.5,655.5,655.5,-3.75,,,3.0,,,
2013-11-19,659.25,659.25,659.25,659.25,6.75,,,3.0,,,
2013-11-18,652.5,652.5,652.5,652.5,-2.0,,,3.0,,,
2013-11-15,654.5,654.5,654.5,654.5,-0.75,,3.0,3.0,,,
2013-11-14,655.25,655.25,655.25,655.25,-0.25,,,3.0,,,
2013-11-13,655.5,655.5,655.5,655.5,-0.25,,,3.0,,,
2013-11-12,655.75,655.75,655.75,655.75,-1.5,,3.0,1.0,,,
2013-11-11,657.25,657.25,657.25,657.25,-4.25,,,1.0,,,
2013-11-08,661.5,661.5,661.5,661.5,-2.25,,,1.0,,,
2013-11-07,663.75,663.75,663.75,663.75,1.0,,,1.0,,,
2013-11-06,662.75,662.75,662.75,662.75,-4.5,,,1.0,,,
2013-11-05,667.25,667.25,667.25,667.25,-7.0,,,1.0,,,
2013-11-04,674.25,674.25,674.25,674.25,-5.5,,,1.0,,,
2013-11-01,679.75,679.75,679.75,679.75,0.25,,,1.0,,,
2013-10-31,679.5,679.5,679.5,679.5,-7.0,,1.0,1.0,,,
2013-10-30,686.5,686.5,686.5,686.5,-6.0,,,1.0,,,
2013-10-29,692.5,692.5,692.5,692.5,0.5,,9.0,5.0,,,
2013-10-28,692.0,692.0,692.0,692.0,-9.75,,,5.0,,,
2013-10-25,701.75,701.75,701.75,701.75,-5.25,,,5.0,,,
2013-10-24,707.0,707.0,707.0,707.0,-4.5,,,5.0,,,
2013-10-23,711.5,711.5,711.5,711.5,0.75,,,5.0,,,
2013-10-22,710.75,710.75,710.75,710.75,1.0,,,5.0,,,
2013-10-21,709.75,709.75,709.75,709.75,-4.75,,,5.0,,,
2013-10-18,714.5,714.5,714.5,714.5,18.5,,,5.0,,,
2013-10-17,696.0,696.0,696.0,696.0,5.0,,,5.0,,,
2013-10-16,691.0,691.0,691.0,691.0,-4.5,,,5.0,,,
2013-10-15,695.5,695.5,695.5,695.5,-6.25,,,5.0,,,
2013-10-14,701.75,701.75,701.75,701.75,0.75,,,5.0,,,
2013-10-11,701.0,701.0,701.0,701.0,5.75,,,5.0,,,
2013-10-10,695.25,695.25,695.25,695.25,-5.25,,,5.0,,,
2013-10-09,700.5,700.5,700.5,700.5,-3.0,,29.0,5.0,,,
2013-10-08,703.5,703.5,703.5,703.5,-1.0,,,5.0,,,
2013-10-07,704.5,704.5,704.5,704.5,8.25,,,5.0,,,
2013-10-04,696.25,696.25,696.25,696.25,-0.75,,20.0,5.0,,,
2013-10-03,697.0,697.0,697.0,697.0,3.25,,9.0,5.0,,,
2013-10-02,693.75,693.75,693.75,693.75,4.25,,8.0,13.0,,,
2013-10-01,689.5,689.5,689.5,689.5,2.5,,,13.0,,,
2013-09-30,687.0,687.0,687.0,687.0,-4.5,,5.0,18.0,,,
2013-09-27,691.5,691.5,691.5,691.5,3.25,,,18.0,,,
2013-09-26,688.25,688.25,688.25,688.25,7.5,,,18.0,,,
2013-09-25,680.75,680.75,680.75,680.75,12.25,,,18.0,,,
2013-09-24,668.5,668.5,668.5,668.5,4.5,,,18.0,,,
2013-09-23,664.0,664.0,664.0,664.0,7.0,,2.0,20.0,,,
2013-09-20,657.0,657.0,657.0,657.0,-10.5,,,20.0,,,
2013-09-19,667.5,667.5,667.5,667.5,10.0,,,20.0,,,
2013-09-18,657.5,657.5,657.5,657.5,4.0,,,20.0,,,
2013-09-17,653.5,653.5,653.5,653.5,1.5,,,20.0,,,
2013-09-16,652.0,652.0,652.0,652.0,-0.25,,1.0,19.0,,,
2013-09-13,652.25,652.25,652.25,652.25,-12.0,,34.0,3.0,,,
2013-09-12,664.25,664.25,664.25,664.25,5.25,,,3.0,,,
2013-09-11,659.0,659.0,659.0,659.0,1.25,,2.0,1.0,,,
2013-09-10,657.75,657.75,657.75,657.75,4.25,,6.0,5.0,,,
2013-09-09,653.5,653.5,653.5,653.5,-6.75,,,5.0,,,
2013-09-06,660.25,660.25,660.25,660.25,7.0,,,5.0,,,
2013-09-05,653.25,653.25,653.25,653.25,-5.75,,,5.0,,,
2013-09-04,659.0,659.0,659.0,659.0,0.25,,,5.0,,,
2013-09-03,658.75,658.75,658.75,658.75,,,,5.0,,,
2013-08-30,665.5,665.5,665.5,665.5,-0.25,,,5.0,,,
2013-08-29,659.5,659.5,659.5,654.25,-5.25,,1.0,105.0,,,
2013-08-28,659.5,659.5,659.5,659.5,-4.25,,3.0,108.0,,,
2013-08-27,663.25,663.25,663.25,663.75,-3.0,,1.0,107.0,,,
2013-08-26,660.25,670.5,660.25,666.75,20.75,,9.0,107.0,,,
2013-08-23,646.0,646.0,646.0,646.0,5.5,,,107.0,,,
2013-08-22,640.5,640.5,640.5,640.5,-8.75,,,107.0,,,
2013-08-21,649.25,649.25,649.25,649.25,3.25,,,107.0,,,
2013-08-20,653.75,653.75,652.0,646.0,-7.5,,5.0,107.0,,,
2013-08-19,653.75,653.75,653.75,653.5,10.0,,1.0,107.0,,,
2013-08-16,643.25,643.25,642.5,643.5,-6.0,,5.0,110.0,,,
2013-08-15,647.5,647.5,647.5,649.5,6.75,,1.0,111.0,,,
2013-08-14,642.75,642.75,642.75,642.75,1.25,,,111.0,,,
2013-08-13,641.5,641.5,641.5,641.5,-7.5,,,111.0,,,
2013-08-12,656.0,656.5,655.0,649.0,1.75,,12.0,115.0,,,
2013-08-09,656.25,656.25,644.0,647.25,-6.5,,18.0,115.0,,,
2013-08-08,653.75,653.75,653.75,653.75,-2.5,,,115.0,,,
2013-08-07,656.25,656.25,656.25,656.25,-6.5,,,115.0,,,
2013-08-06,657.5,657.5,657.5,662.75,5.0,,2.0,115.0,,,
2013-08-05,657.75,657.75,657.75,657.75,-15.25,,,115.0,,,
2013-08-02,673.0,673.0,673.0,673.0,2.5,,3.0,118.0,,,
2013-08-01,678.75,679.0,678.75,670.5,-6.5,,5.0,121.0,,,
2013-07-31,669.0,669.5,669.0,677.0,9.25,,4.0,123.0,,,
2013-07-30,672.75,672.75,672.75,667.75,4.5,,3.0,126.0,,,
2013-07-29,663.25,663.25,663.25,663.25,1.75,,,126.0,,,
2013-07-26,661.5,661.5,661.5,661.5,0.75,,,126.0,,,
2013-07-25,660.75,660.75,660.75,660.75,-3.25,,6.0,132.0,,,
2013-07-24,669.75,669.75,669.75,664.0,-1.5,,1.0,132.0,,,
2013-07-23,665.5,665.5,665.5,665.5,-5.75,,,132.0,,,
2013-07-22,669.75,669.75,669.5,671.25,-4.0,,2.0,131.0,,,
2013-07-19,671.0,671.0,671.0,675.25,2.25,,1.0,131.0,,,
2013-07-18,673.0,673.0,673.0,673.0,-4.75,,,131.0,,,
2013-07-17,677.75,677.75,677.75,677.75,-4.75,,,131.0,,,
2013-07-16,682.5,682.5,682.5,682.5,0.25,,,131.0,,,
2013-07-15,685.0,685.0,685.0,682.25,-11.5,,4.0,128.0,,,
2013-07-12,696.25,696.25,696.25,693.75,-2.75,,2.0,130.0,,,
2013-07-11,696.25,703.0,695.25,696.5,3.75,,7.0,137.0,,,
2013-07-10,692.75,692.75,692.75,692.75,2.25,,,137.0,,,
2013-07-09,690.5,690.5,690.5,690.5,15.75,,27.0,164.0,,,
2013-07-08,675.75,675.75,675.75,674.75,4.25,,13.0,176.0,,,
2013-07-05,670.5,670.5,670.5,670.5,,,,176.0,,,
2013-07-03,677.5,677.5,677.5,677.5,6.25,,58.0,222.0,,,
2013-07-02,671.25,671.25,671.25,671.25,2.0,,33.0,254.0,,,
2013-07-01,669.25,669.25,669.25,669.25,-2.25,,15.0,269.0,,,
2013-06-28,671.5,671.5,671.5,671.5,-17.5,,87.0,315.0,,,
2013-06-27,673.75,673.75,673.75,673.75,-3.25,,20.0,168.0,,,
2013-06-26,677.0,677.0,677.0,677.0,-8.0,,1.0,168.0,,,
2013-06-25,685.0,685.0,685.0,685.0,-2.75,,56.0,169.0,,,
2013-06-24,687.75,687.75,687.75,687.75,-17.25,,134.0,179.0,,,
2013-06-21,707.0,707.0,707.0,705.0,-2.75,,108.0,157.0,,,
2013-06-20,707.75,707.75,707.75,707.75,-6.5,,168.0,164.0,,,
2013-06-19,714.25,714.25,714.25,714.25,19.5,,138.0,172.0,,,
2013-06-18,694.75,694.75,694.75,694.75,7.0,,182.0,97.0,,,
2013-06-17,684.0,684.0,684.0,687.75,-1.0,,77.0,123.0,,,
2013-06-14,688.75,688.75,688.75,688.75,-5.0,,124.0,82.0,,,
2013-06-13,693.75,693.75,693.75,693.75,2.75,,121.0,40.0,,,
2013-06-12,691.0,691.0,691.0,691.0,-14.0,,83.0,64.0,,,
2013-06-11,705.0,705.0,705.0,705.0,6.0,,50.0,89.0,,,
2013-06-10,699.0,699.0,699.0,699.0,-5.75,,81.0,71.0,,,
2013-06-07,704.75,704.75,704.75,704.75,-0.75,,83.0,104.0,,,
2013-06-06,705.5,705.5,705.5,705.5,-3.5,,351.0,122.0,,,
2013-06-05,709.0,709.0,709.0,709.0,-8.75,,259.0,102.0,,,
2013-06-04,717.75,717.75,717.75,717.75,-0.75,,200.0,46.0,,,
2013-06-03,718.5,718.5,718.5,718.5,3.0,,78.0,42.0,,,
2013-05-31,715.5,715.5,715.5,715.5,7.5,,49.0,20.0,,,
2013-05-30,708.0,708.0,708.0,708.0,-3.25,,101.0,110.0,,,
2013-05-29,711.25,711.25,711.25,711.25,9.5,,67.0,105.0,,,
2013-05-28,701.75,701.75,701.75,701.75,,,211.0,72.0,,,
2013-05-24,704.5,704.5,704.5,704.5,-5.25,,27.0,81.0,,,
2013-05-23,709.75,709.75,709.75,709.75,14.0,,50.0,113.0,,,
2013-05-22,695.75,695.75,695.75,695.75,7.75,,40.0,123.0,,,
2013-05-21,688.0,688.0,688.0,688.0,-4.75,,41.0,137.0,,,
2013-05-20,692.75,692.75,692.75,692.75,1.75,,10.0,139.0,,,
2013-05-17,691.0,691.0,691.0,691.0,-5.0,,40.0,114.0,,,
2013-05-16,696.0,696.0,696.0,696.0,-6.25,,120.0,74.0,,,
2013-05-15,702.25,702.25,702.25,702.25,-17.25,,126.0,118.0,,,
2013-05-14,719.5,719.5,719.5,719.5,1.5,,446.0,90.0,,,
2013-05-13,718.0,718.0,718.0,718.0,5.5,,266.0,111.0,,,
2013-05-10,712.5,712.5,712.5,712.5,-19.0,,104.0,116.0,,,
2013-05-09,731.5,731.5,731.5,731.5,16.25,,160.0,93.0,,,
2013-05-08,715.25,715.25,715.25,715.25,-3.5,,479.0,169.0,,,
2013-05-07,718.75,718.75,718.75,718.75,6.25,,115.0,220.0,,,
2013-05-06,712.5,712.5,712.5,712.5,-18.0,,4.0,220.0,,,
2013-05-03,730.5,730.5,730.5,730.5,-7.5,,66.0,193.0,,,
2013-05-02,738.0,738.0,738.0,738.0,7.5,,106.0,181.0,,,
2013-05-01,730.5,730.5,730.5,730.5,-9.75,,146.0,218.0,,,
2013-04-30,740.25,740.25,740.25,740.25,15.0,,403.0,150.0,,,
2013-04-29,716.5,716.5,716.5,716.5,24.0,,129.0,96.0,,,
2013-04-26,692.5,692.5,692.5,692.5,-11.25,,218.0,113.0,,,
2013-04-25,703.75,703.75,703.75,703.75,11.75,,325.0,89.0,,,
2013-04-24,694.0,694.0,693.5,692.0,-3.5,,299.0,131.0,,,
2013-04-23,695.5,695.5,695.5,695.5,-7.0,,228.0,134.0,,,
2013-04-22,702.5,702.5,702.5,702.5,-9.0,,519.0,104.0,,,
2013-04-19,711.5,711.5,711.5,711.5,4.75,,137.0,92.0,,,
2013-04-18,706.75,706.75,706.75,706.75,-0.5,,125.0,127.0,,,
2013-04-17,707.25,707.25,707.25,707.25,-0.5,,784.0,128.0,,,
2013-04-16,707.75,707.75,707.75,707.75,8.5,,528.0,128.0,,,
2013-04-15,699.25,699.25,699.25,699.25,-20.25,,184.0,183.0,,,
2013-04-12,719.5,719.5,719.5,719.5,16.25,,95.0,235.0,,,
2013-04-11,703.25,703.25,703.25,703.25,0.25,,162.0,327.0,,,
2013-04-10,710.0,710.0,710.0,703.0,-11.0,,125.0,321.0,,,
2013-04-09,714.0,714.0,714.0,714.0,-3.5,,150.0,289.0,,,
2013-04-08,709.25,710.75,709.25,717.5,13.25,,205.0,264.0,,,
2013-04-05,704.25,704.25,704.25,704.25,4.75,,172.0,271.0,,,
2013-04-04,705.0,705.0,702.25,699.5,-1.75,,186.0,228.0,,,
2013-04-03,684.25,700.5,684.25,701.25,24.0,,272.0,255.0,,,
2013-04-02,677.25,677.25,677.25,677.25,8.25,,296.0,221.0,,,
2013-04-01,669.0,669.0,669.0,669.0,,,10.0,214.0,,,
2013-03-28,691.0,691.0,691.0,691.0,-45.0,,260.0,246.0,,,
2013-03-27,736.0,736.0,736.0,736.0,3.75,,680.0,654.0,,,
2013-03-26,732.25,732.25,732.25,732.25,3.25,,466.0,654.0,,,
2013-03-25,729.0,729.0,729.0,729.0,-0.25,,274.0,758.0,,,
2013-03-22,729.25,729.25,729.25,729.25,1.75,,281.0,911.0,,,
2013-03-21,727.5,727.5,727.5,727.5,-6.5,,262.0,967.0,,,
2013-03-20,734.0,734.0,734.0,734.0,13.25,,382.0,937.0,,,
2013-03-19,720.75,720.75,720.75,720.75,7.75,,543.0,996.0,,,
2013-03-18,710.25,710.25,710.25,713.0,-8.25,,288.0,980.0,,,
2013-03-15,716.25,716.25,716.25,721.25,1.25,,483.0,1108.0,,,
2013-03-14,720.0,720.0,720.0,720.0,11.75,,738.0,1061.0,,,
2013-03-13,707.5,707.5,707.5,708.25,4.5,,605.0,1060.0,,,
2013-03-12,701.75,701.75,701.75,703.75,2.0,,226.0,1062.0,,,
2013-03-11,701.75,701.75,701.75,701.75,3.0,,497.0,795.0,,,
2013-03-08,701.0,702.25,701.0,698.75,-0.25,,515.0,530.0,,,
2013-03-07,690.5,694.25,686.5,699.0,10.25,,347.0,344.0,,,
2013-03-06,706.75,706.75,690.5,688.75,-20.75,,480.0,242.0,,,
2013-03-05,704.25,708.75,704.25,709.5,5.0,,263.0,226.0,,,
2013-03-04,713.0,713.0,704.25,704.5,-17.75,,547.0,346.0,,,
2013-03-01,719.75,727.75,711.0,722.25,5.75,,334.0,197.0,,,
2013-02-28,719.0,725.25,715.0,716.5,1.5,,441.0,84.0,,,
2013-02-27,714.0,720.25,711.75,712.0,1.0,,412.0,137.0,,,
2013-02-26,706.0,711.0,698.25,711.0,5.75,,457.0,150.0,,,
2013-02-25,716.75,718.25,705.25,705.25,-13.5,,239.0,164.0,,,
2013-02-22,728.25,731.25,721.0,718.75,-5.25,,236.0,174.0,,,
2013-02-21,742.0,742.0,724.0,724.0,-21.25,,411.0,252.0,,,
2013-02-20,738.0,746.25,736.0,745.25,6.5,,231.0,181.0,,,
2013-02-19,751.0,752.5,732.75,738.75,,,184.0,217.0,,,
2013-02-15,745.75,751.0,743.75,748.5,8.25,,167.0,265.0,,,
2013-02-14,744.25,748.5,736.25,740.25,-3.25,,249.0,220.0,,,
2013-02-13,739.0,743.5,732.25,743.5,4.0,,243.0,230.0,,,
2013-02-12,745.0,745.0,734.25,739.5,-9.75,,256.0,234.0,,,
2013-02-11,759.0,759.75,752.5,749.25,-13.25,,293.0,242.0,,,
2013-02-08,765.0,774.25,760.5,762.5,-0.5,,389.0,217.0,,,
2013-02-07,766.75,766.75,764.75,763.0,-6.25,,516.0,202.0,,,
2013-02-06,756.75,770.25,756.75,769.25,5.0,,579.0,270.0,,,
2013-02-05,769.75,769.75,760.25,764.25,-6.5,,667.0,129.0,,,
2013-02-04,778.75,778.75,771.25,770.75,-2.5,,146.0,137.0,,,
2013-02-01,795.75,796.25,778.25,773.25,-14.75,,106.0,103.0,,,
2013-01-31,788.0,788.0,788.0,788.0,-7.75,,101.0,129.0,,,
2013-01-30,790.0,790.25,788.75,795.75,10.0,,84.0,141.0,,,
2013-01-29,785.75,785.75,785.75,785.75,-2.25,,267.0,136.0,,,
2013-01-28,781.5,781.5,781.5,788.0,3.25,,387.0,124.0,,,
2013-01-25,775.5,787.0,775.5,784.75,7.75,,553.0,108.0,,,
2013-01-24,783.0,783.0,771.75,777.0,-6.75,,168.0,112.0,,,
2013-01-23,781.25,781.25,781.25,783.75,-4.75,,298.0,104.0,,,
2013-01-22,805.75,807.25,785.75,788.5,,,337.0,80.0,,,
2013-01-18,792.75,799.0,789.5,799.75,10.0,,227.0,96.0,,,
2013-01-17,790.0,790.0,789.0,789.75,-4.0,,695.0,91.0,,,
2013-01-16,796.25,797.75,787.5,793.75,2.75,,215.0,113.0,,,
2013-01-15,782.0,797.5,782.0,791.0,17.5,,888.0,124.0,,,
2013-01-14,773.25,782.5,773.0,773.5,11.5,,129.0,137.0,,,
2013-01-11,752.0,777.25,750.5,762.0,8.5,,218.0,142.0,,,
2013-01-10,761.0,761.0,755.75,753.5,-1.0,,220.0,137.0,,,
2013-01-09,762.0,762.0,757.0,754.5,-5.75,,177.0,132.0,,,
2013-01-08,766.0,766.0,763.25,760.25,-0.75,,216.0,169.0,,,
2013-01-07,765.0,769.25,758.25,761.0,4.25,,237.0,174.0,,,
2013-01-04,756.75,756.75,754.25,756.75,-8.0,,208.0,187.0,,,
2013-01-03,764.0,764.25,763.75,764.75,-1.25,,335.0,157.0,,,
2013-01-02,780.0,780.0,766.5,766.0,,,368.0,214.0,,,
2012-12-31,781.75,781.75,781.75,787.75,-0.75,,25.0,213.0,,,
2012-12-28,780.25,780.25,780.25,788.5,6.25,,100.0,220.0,,,
2012-12-27,787.0,787.0,779.5,782.25,-2.25,,86.0,276.0,,,
2012-12-26,795.25,795.25,784.75,784.5,,,42.0,277.0,,,
2012-12-24,803.5,803.5,803.5,803.5,1.5,,17.0,275.0,,,
2012-12-21,802.25,808.25,802.25,802.0,0.0,,106.0,272.0,,,
2012-12-20,812.25,812.25,795.25,802.0,-15.25,,181.0,299.0,,,
2012-12-19,829.5,832.25,820.0,817.25,-5.75,,207.0,273.0,,,
2012-12-18,815.25,815.25,815.25,823.0,2.75,,77.0,273.0,,,
2012-12-17,820.25,820.25,820.25,820.25,-6.0,,121.0,275.0,,,
2012-12-14,826.25,826.25,826.25,826.25,5.0,,63.0,276.0,,,
2012-12-13,824.0,828.0,819.5,821.25,-3.25,,50.0,279.0,,,
2012-12-12,829.25,829.25,829.25,824.5,-9.25,,206.0,272.0,,,
2012-12-11,848.5,849.5,830.0,833.75,-26.5,,169.0,272.0,,,
2012-12-10,860.75,860.75,858.25,860.25,-10.0,,171.0,271.0,,,
2012-12-07,870.25,870.25,870.25,870.25,-0.75,,168.0,271.0,,,
2012-12-06,871.75,871.75,867.5,871.0,2.5,,51.0,271.0,,,
2012-12-05,862.75,870.0,862.75,868.5,3.25,,128.0,271.0,,,
2012-12-04,865.25,865.25,865.25,865.25,-4.0,,163.0,286.0,,,
2012-12-03,869.25,869.25,869.25,869.25,-2.75,,43.0,274.0,,,
2012-11-30,873.0,873.0,873.0,872.0,-21.0,,168.0,292.0,,,
2012-11-29,892.0,892.0,881.75,885.5,-5.75,,211.0,283.0,,,
2012-11-28,886.5,894.25,881.25,891.25,2.75,,467.0,305.0,,,
2012-11-27,868.5,887.25,868.5,888.5,24.75,,551.0,343.0,,,
2012-11-26,860.5,868.25,860.5,863.75,2.25,,198.0,351.0,,,
2012-11-23,865.25,865.25,862.5,861.5,,,21.0,352.0,,,
2012-11-21,857.0,864.5,857.0,859.75,-0.75,,147.0,315.0,,,
2012-11-20,860.5,865.25,853.5,860.5,2.75,,140.0,273.0,,,
2012-11-19,853.25,861.5,853.25,857.75,4.0,,174.0,267.0,,,
2012-11-16,859.0,859.75,847.0,853.75,-7.5,,415.0,311.0,,,
2012-11-15,864.25,870.25,861.5,861.25,-2.75,,360.0,228.0,,,
2012-11-14,865.75,871.25,861.0,864.0,-1.75,,568.0,155.0,,,
2012-11-13,877.5,877.5,865.25,865.75,-6.75,,289.0,99.0,,,
2012-11-12,899.0,899.0,871.0,872.5,-29.0,,366.0,87.0,,,
2012-11-09,912.25,916.25,899.25,901.5,-15.0,,632.0,93.0,,,
2012-11-08,906.5,917.0,905.5,916.5,8.75,,559.0,87.0,,,
2012-11-07,893.25,909.75,892.75,907.75,17.25,,460.0,127.0,,,
2012-11-06,890.0,892.75,888.25,890.5,11.25,,315.0,162.0,,,
2012-11-05,884.5,887.5,877.0,879.25,0.75,,382.0,97.0,,,
2012-11-02,881.25,887.75,873.75,878.5,-4.75,,89.0,94.0,,,
2012-11-01,886.75,887.25,878.5,883.25,4.0,,117.0,102.0,,,
2012-10-31,880.25,885.5,876.5,879.25,7.5,,331.0,90.0,,,
2012-10-30,871.25,880.25,867.5,871.75,-1.0,,103.0,73.0,,,
2012-10-29,880.25,882.0,874.25,872.75,-5.75,,111.0,71.0,,,
2012-10-26,889.0,889.0,878.75,878.5,-8.25,,78.0,70.0,,,
2012-10-25,897.5,900.5,886.75,886.75,-10.5,,117.0,66.0,,,
2012-10-24,880.0,907.5,880.0,897.25,15.25,,219.0,57.0,,,
2012-10-23,886.0,886.0,875.75,882.0,-8.25,,312.0,66.0,,,
2012-10-22,890.25,890.25,890.25,890.25,6.5,,200.0,53.0,,,
2012-10-19,891.0,894.0,881.75,883.75,3.0,,54.0,47.0,,,
2012-10-18,874.75,882.25,874.75,880.75,12.0,,39.0,46.0,,,
2012-10-17,862.25,867.25,862.25,868.75,8.5,,44.0,44.0,,,
2012-10-16,861.0,861.0,860.75,860.25,-0.25,,63.0,45.0,,,
2012-10-15,862.25,865.5,853.75,860.5,-8.75,,98.0,51.0,,,
2012-10-12,892.25,892.25,867.5,869.25,-27.75,,259.0,56.0,,,
2012-10-11,892.75,901.75,890.0,897.0,16.0,,431.0,48.0,,,
2012-10-10,883.75,883.75,878.25,881.0,5.25,,63.0,49.0,,,
2012-10-09,882.25,882.25,876.75,875.75,4.5,,113.0,46.0,,,
2012-10-08,870.0,877.5,870.0,871.25,2.5,,232.0,41.0,,,
2012-10-05,876.75,876.75,869.75,868.75,-11.0,,111.0,51.0,,,
2012-10-04,880.5,891.0,878.75,879.75,-4.25,,50.0,51.0,,,
2012-10-03,872.75,889.25,870.5,884.0,1.0,,46.0,53.0,,,
2012-10-02,881.25,881.25,881.0,883.0,-13.0,,25.0,54.0,,,
2012-10-01,910.25,910.25,890.5,896.0,-16.25,,38.0,56.0,,,
2012-09-28,870.0,915.25,870.0,912.25,44.0,,140.0,52.0,,,
2012-09-27,879.25,887.0,864.0,868.25,-13.0,,89.0,51.0,,,
2012-09-26,890.0,890.0,881.75,881.25,-17.0,,48.0,53.0,,,
2012-09-25,907.0,907.0,894.5,898.25,-5.5,,31.0,60.0,,,
2012-09-24,900.0,905.5,895.5,903.75,-4.25,,38.0,60.0,,,
2012-09-21,907.75,908.5,902.5,908.0,16.5,,51.0,49.0,,,
2012-09-20,887.5,892.75,884.5,891.5,-2.25,,64.0,47.0,,,
2012-09-19,888.75,892.5,879.75,893.75,18.0,,18.0,54.0,,,
2012-09-18,893.75,893.75,875.0,875.75,-14.5,,33.0,59.0,,,
2012-09-17,918.0,918.0,892.5,890.25,-46.25,,121.0,53.0,,,
2012-09-14,915.75,942.25,915.75,936.5,21.75,,75.0,50.0,,,
2012-09-13,907.75,915.25,903.0,914.75,12.0,,32.0,59.0,,,
2012-09-12,896.25,899.25,882.0,902.75,7.0,,106.0,60.0,,,
2012-09-11,902.75,907.75,895.0,895.75,-5.75,,77.0,61.0,,,
2012-09-10,921.5,925.0,900.75,901.5,-14.0,,102.0,60.0,,,
2012-09-07,901.75,921.0,900.75,915.5,11.75,,137.0,50.0,,,
2012-09-06,890.5,905.25,889.0,903.75,23.25,,68.0,52.0,,,
2012-09-05,891.5,891.5,879.75,880.5,-19.0,,31.0,60.0,,,
2012-09-04,908.25,913.0,893.0,899.5,,,45.0,65.0,,,
2012-08-31,905.25,905.25,890.75,899.5,-11.5,,33.0,58.0,,,
2012-08-30,901.25,914.25,898.0,903.0,-2.75,,263.0,486.0,,,
2012-08-29,875.75,907.75,875.75,905.75,30.25,,217.0,488.0,,,
2012-08-28,884.75,888.5,870.75,875.5,-5.75,,235.0,462.0,,,
2012-08-27,898.25,898.25,881.5,881.25,-7.25,,181.0,473.0,,,
2012-08-24,899.75,906.0,887.5,888.5,-6.25,,124.0,462.0,,,
2012-08-23,916.5,923.5,893.25,894.75,-22.25,,183.0,456.0,,,
2012-08-22,916.75,919.0,911.5,917.0,-5.0,,146.0,459.0,,,
2012-08-21,903.5,925.75,903.5,922.0,19.25,,132.0,452.0,,,
2012-08-20,894.25,905.25,888.0,902.75,8.25,,103.0,452.0,,,
2012-08-17,885.75,898.5,885.75,894.5,12.75,,115.0,469.0,,,
2012-08-16,882.75,888.0,878.25,881.75,15.5,,143.0,475.0,,,
2012-08-15,864.5,868.5,861.75,866.25,8.0,,53.0,193.0,,,306.0
2012-08-14,881.5,883.25,859.0,858.25,-17.5,,207.0,213.0,,,
2012-08-13,885.0,891.75,874.25,875.75,-25.5,,215.0,184.0,,,
2012-08-10,934.75,939.0,898.25,901.25,-25.75,,378.0,164.0,,,
2012-08-09,913.5,930.75,913.5,927.0,13.5,,135.0,161.0,,,
2012-08-08,894.75,911.5,884.25,913.5,10.75,,144.0,129.0,,,
2012-08-07,909.25,916.75,898.5,902.75,-3.5,,179.0,142.0,,,
2012-08-06,897.25,908.0,894.0,906.25,2.5,,248.0,169.0,,,
2012-08-03,875.75,919.25,875.75,903.75,24.25,,439.0,232.0,,,30.0
2012-08-02,890.75,893.25,870.5,879.5,-14.25,,203.0,211.0,,,
2012-08-01,905.25,909.75,876.25,893.75,-8.75,,287.0,165.0,,,
2012-07-31,923.0,926.5,902.5,902.5,-24.75,,212.0,158.0,,,
2012-07-30,924.5,932.5,923.0,927.25,16.0,,128.0,157.0,,,6.0
2012-07-27,909.25,922.5,902.75,911.25,14.0,,193.0,166.0,,,
2012-07-26,901.5,916.25,889.0,897.25,-17.75,,252.0,153.0,,,
2012-07-25,883.0,919.0,883.0,915.0,26.75,,305.0,97.0,,,
2012-07-24,895.0,901.75,867.25,888.25,-30.75,,470.0,64.0,,,
2012-07-23,937.5,941.5,912.5,919.0,-29.25,,338.0,81.0,,,
2012-07-20,933.0,947.25,922.75,948.25,13.75,,278.0,75.0,,,
2012-07-19,910.25,941.0,910.25,934.5,22.0,,442.0,67.0,,,
2012-07-18,899.25,916.75,881.75,912.5,15.25,,182.0,58.0,,,
2012-07-17,902.25,910.0,881.0,897.25,-0.5,,199.0,81.0,,,
2012-07-16,887.25,899.0,885.25,897.75,35.25,,133.0,76.0,,,
2012-07-13,861.75,877.5,861.75,862.5,2.75,,157.0,65.0,,,
2012-07-12,836.0,869.5,836.0,859.75,21.5,,205.0,78.0,,,
2012-07-11,838.75,855.75,816.75,838.25,3.0,,267.0,60.0,,,
2012-07-10,830.75,844.0,823.0,835.25,-8.5,,172.0,56.0,,,
2012-07-09,834.75,858.5,834.75,843.75,22.0,,174.0,75.0,,,
2012-07-06,836.75,837.5,820.75,821.75,-25.25,,138.0,63.0,,,
2012-07-05,829.5,849.0,824.5,847.0,,,160.0,57.0,,,
2012-07-03,797.25,810.75,793.25,813.75,23.0,,143.0,56.0,,,
2012-07-02,789.25,790.0,777.0,790.75,14.0,,104.0,53.0,,,
2012-06-29,764.5,782.25,760.25,776.75,10.0,,162.0,53.0,,,
2012-06-28,749.0,757.0,742.5,746.0,-5.25,,208.0,335.0,,,
2012-06-27,743.5,762.75,743.5,751.25,4.25,,588.0,345.0,,,
2012-06-26,744.5,751.5,726.0,747.0,6.0,,431.0,337.0,,,
2012-06-25,704.75,741.25,704.5,741.0,53.5,,544.0,340.0,,,
2012-06-22,681.0,698.0,681.0,687.5,9.0,,182.0,340.0,,,
2012-06-21,676.75,699.25,676.75,678.5,-4.5,,215.0,332.0,,,
2012-06-20,671.25,681.75,660.25,683.0,14.0,,195.0,353.0,,,
2012-06-19,652.0,665.75,652.0,669.0,20.5,,79.0,365.0,,,
2012-06-18,633.75,645.75,633.75,648.5,21.75,,64.0,368.0,,,
2012-06-15,643.75,643.75,625.75,626.75,-14.5,,183.0,340.0,,,
2012-06-14,645.5,645.5,639.0,641.25,7.0,,336.0,348.0,,,
2012-06-13,639.75,639.75,639.75,634.25,-0.5,,222.0,248.0,,,
2012-06-12,653.25,655.25,632.25,634.75,-13.5,,201.0,147.0,,,
2012-06-11,652.75,658.5,651.0,648.25,0.25,,99.0,32.0,,,
2012-06-08,648.5,653.25,648.5,648.0,-10.0,,21.0,35.0,,,
2012-06-07,645.5,658.5,645.5,658.0,18.75,,70.0,45.0,,,
2012-06-06,640.25,642.5,636.75,639.25,8.75,,54.0,37.0,,,
2012-06-05,645.5,645.5,632.0,630.5,-15.5,,58.0,33.0,,,
2012-06-04,643.0,645.25,643.0,646.0,15.25,,64.0,53.0,,,
2012-06-01,660.25,660.5,632.5,630.75,-30.0,,238.0,44.0,,,
2012-05-31,666.5,667.0,660.25,660.75,-8.5,,139.0,36.0,,,
2012-05-30,670.0,670.75,660.75,669.25,-3.0,,89.0,27.0,,,
2012-05-29,697.0,697.0,671.75,672.25,,,77.0,45.0,,,
2012-05-25,678.0,701.5,678.0,694.5,16.25,,181.0,35.0,,,
2012-05-24,686.75,687.25,677.75,678.25,-1.5,,148.0,33.0,,,
2012-05-23,691.75,691.75,677.0,679.75,-17.75,,136.0,30.0,,,
2012-05-22,712.75,712.75,699.0,697.5,-16.5,,111.0,28.0,,,
2012-05-21,715.5,728.75,688.5,714.0,11.0,,226.0,33.0,,,
2012-05-18,672.0,706.5,672.0,703.0,33.5,,228.0,17.0,,,
2012-05-17,653.0,669.25,653.0,669.5,18.25,,88.0,16.0,,,
2012-05-16,627.25,650.25,626.75,651.25,29.0,,114.0,8.0,,,
2012-05-15,621.25,628.25,620.0,622.25,9.5,,133.0,9.0,,,
2012-05-14,610.0,612.25,610.0,612.75,1.0,,19.0,0.0,,,
2012-05-11,611.75,611.75,611.75,611.75,,,,,,,
